INSERT INTO SCHEMA_INFO VALUES('RA','DUAL','');
INSERT INTO SCHEMA_INFO VALUES('RA','SYSTEM_PRIVILEGE_MAP','');
INSERT INTO SCHEMA_INFO VALUES('RA','TABLE_PRIVILEGE_MAP','');
INSERT INTO SCHEMA_INFO VALUES('RA','STMT_AUDIT_OPTION_MAP','');
INSERT INTO SCHEMA_INFO VALUES('RA','AUDIT_ACTIONS','');
INSERT INTO SCHEMA_INFO VALUES('RA','HS_BULKLOAD_VIEW_OBJ','');
INSERT INTO SCHEMA_INFO VALUES('RA','HS_PARTITION_COL_NAME','');
INSERT INTO SCHEMA_INFO VALUES('RA','HS_PARTITION_COL_TYPE','');
INSERT INTO SCHEMA_INFO VALUES('RA','HELP','');
INSERT INTO SCHEMA_INFO VALUES('RA','SRSNAMESPACE_TABLE','');
INSERT INTO SCHEMA_INFO VALUES('RA','OGIS_SPATIAL_REFERENCE_SYSTEMS','');
INSERT INTO SCHEMA_INFO VALUES('RA','OGIS_GEOMETRY_COLUMNS','');
INSERT INTO SCHEMA_INFO VALUES('RA','SDO_UNITS_OF_MEASURE','');
INSERT INTO SCHEMA_INFO VALUES('RA','SDO_PRIME_MERIDIANS','');
INSERT INTO SCHEMA_INFO VALUES('RA','SDO_ELLIPSOIDS','');
INSERT INTO SCHEMA_INFO VALUES('RA','SDO_DATUMS','');
INSERT INTO SCHEMA_INFO VALUES('RA','SDO_COORD_SYS','');
INSERT INTO SCHEMA_INFO VALUES('RA','SDO_COORD_AXIS_NAMES','');
INSERT INTO SCHEMA_INFO VALUES('RA','SDO_COORD_AXES','');
INSERT INTO SCHEMA_INFO VALUES('RA','SDO_COORD_REF_SYS','');
INSERT INTO SCHEMA_INFO VALUES('RA','SDO_COORD_OP_METHODS','');
INSERT INTO SCHEMA_INFO VALUES('RA','SDO_COORD_OPS','');
INSERT INTO SCHEMA_INFO VALUES('RA','SDO_PREFERRED_OPS_SYSTEM','');
INSERT INTO SCHEMA_INFO VALUES('RA','SDO_PREFERRED_OPS_USER','');
INSERT INTO SCHEMA_INFO VALUES('RA','SDO_COORD_OP_PATHS','');
INSERT INTO SCHEMA_INFO VALUES('RA','SDO_COORD_OP_PARAMS','');
INSERT INTO SCHEMA_INFO VALUES('RA','SDO_COORD_OP_PARAM_USE','');
INSERT INTO SCHEMA_INFO VALUES('RA','SDO_COORD_OP_PARAM_VALS','');
INSERT INTO SCHEMA_INFO VALUES('RA','SDO_CRS_GEOGRAPHIC_PLUS_HEIGHT','');
INSERT INTO SCHEMA_INFO VALUES('RA','SDO_XML_SCHEMAS','');
INSERT INTO SCHEMA_INFO VALUES('RA','SDO_GEOR_XMLSCHEMA_TABLE','');
INSERT INTO SCHEMA_INFO VALUES('RA','SDO_GEOR_PLUGIN_REGISTRY','');
INSERT INTO SCHEMA_INFO VALUES('RA','SDO_WS_CONFERENCE','');
INSERT INTO SCHEMA_INFO VALUES('RA','SDO_WS_CONFERENCE_RESULTS','');
INSERT INTO SCHEMA_INFO VALUES('RA','SDO_WS_CONFERENCE_PARTICIPANTS','');
INSERT INTO SCHEMA_INFO VALUES('RA','SDO_TIN_PC_SEQ','');
INSERT INTO SCHEMA_INFO VALUES('RA','SDO_TIN_PC_SYSDATA_TABLE','');
INSERT INTO SCHEMA_INFO VALUES('RA','WWV_FLOW_DUAL100','');
INSERT INTO SCHEMA_INFO VALUES('RA','NTV2_XML_DATA','');
INSERT INTO SCHEMA_INFO VALUES('RA','SDO_PROJECTIONS_OLD_SNAPSHOT','');
INSERT INTO SCHEMA_INFO VALUES('RA','SDO_ELLIPSOIDS_OLD_SNAPSHOT','');
INSERT INTO SCHEMA_INFO VALUES('RA','SDO_DATUMS_OLD_SNAPSHOT','');
INSERT INTO SCHEMA_INFO VALUES('RA','CNV_RA_RTV_CDR1B_T7','');
INSERT INTO SCHEMA_INFO VALUES('RA','CNV_REJ_PAYMENT','');
INSERT INTO SCHEMA_INFO VALUES('RA','CNV_REJ_DEBIT','');
INSERT INTO SCHEMA_INFO VALUES('RA','CNV_RA_SALES_DAY','');
INSERT INTO SCHEMA_INFO VALUES('RA','M_PO_LOCAL_FAX','');
INSERT INTO SCHEMA_INFO VALUES('RA','CNV_RA_INVRC_WEEK_ORG','');
INSERT INTO SCHEMA_INFO VALUES('RA','CNV_RA_INV_WEEK_ORG','');
INSERT INTO SCHEMA_INFO VALUES('RA','CNV_INVRC','');
INSERT INTO SCHEMA_INFO VALUES('RA','CNV_INVRC_DAY','');
INSERT INTO SCHEMA_INFO VALUES('RA','CNV_RA_RTV','');
INSERT INTO SCHEMA_INFO VALUES('RA','CNV_RA_SALES_CLASS_DAY','');
INSERT INTO SCHEMA_INFO VALUES('RA','CNV_INVRC_IT_DAY','');
INSERT INTO SCHEMA_INFO VALUES('RA','CNV_RA_SOH','');
INSERT INTO SCHEMA_INFO VALUES('RA','M_BURSTING_RP','');
INSERT INTO SCHEMA_INFO VALUES('RA','ITEM_LOCSOHUPDATED','');
INSERT INTO SCHEMA_INFO VALUES('RA','TEST','');
INSERT INTO SCHEMA_INFO VALUES('RA','BURST_TEST','');
INSERT INTO SCHEMA_INFO VALUES('RA','M_RPM_PROMO_DTL_LIST_GRP_HIST','');
INSERT INTO SCHEMA_INFO VALUES('RA','M_RPM_PROMO_DTL_LIST_HIST','');
INSERT INTO SCHEMA_INFO VALUES('RA','M_RPM_PROMO_DTL_DISC_LDR_HIST','');
INSERT INTO SCHEMA_INFO VALUES('RA','M_RPM_PROMO_DTL_HIST','');
INSERT INTO SCHEMA_INFO VALUES('RA','M_RPM_PROMO_COMP_HIST','');
INSERT INTO SCHEMA_INFO VALUES('RA','RPM_PROMO_ZONE_LOCATION','');
INSERT INTO SCHEMA_INFO VALUES('RA','RPM_PROMO_DTL_DISC_LADDER','');
INSERT INTO SCHEMA_INFO VALUES('RA','RPM_PROMO_DTL_LIST','');
INSERT INTO SCHEMA_INFO VALUES('RA','RPM_PROMO_DTL_MERCH_NODE','');
INSERT INTO SCHEMA_INFO VALUES('RA','RPM_PROMO','');
INSERT INTO SCHEMA_INFO VALUES('RA','RPM_PROMO_DTL','');
INSERT INTO SCHEMA_INFO VALUES('RA','RPM_PROMO_COMP','');
INSERT INTO SCHEMA_INFO VALUES('RA','RPM_PROMO_DTL_LIST_GRP_HIST','');
INSERT INTO SCHEMA_INFO VALUES('RA','RPM_PROMO_DTL_LIST_HIST','');
INSERT INTO SCHEMA_INFO VALUES('RA','RPM_PROMO_DTL_DISC_LDR_HIST','');
INSERT INTO SCHEMA_INFO VALUES('RA','RPM_PROMO_DTL_HIST','');
INSERT INTO SCHEMA_INFO VALUES('RA','RPM_PROMO_COMP_HIST','');
INSERT INTO SCHEMA_INFO VALUES('RA','RPM_PROMO_DTL_MERCH_NODE_HIST','');
INSERT INTO SCHEMA_INFO VALUES('RA','RPM_PROMO_DTL_LIST_GRP','');
INSERT INTO SCHEMA_INFO VALUES('RA','RPM_PROMO_ZONE_LOCATION_HIST','');
INSERT INTO SCHEMA_INFO VALUES('RA','RPM_PROMO_HIST','');
INSERT INTO SCHEMA_INFO VALUES('RA','AGING','');
INSERT INTO SCHEMA_INFO VALUES('RA','M_CLASS_BUYER','');
INSERT INTO SCHEMA_INFO VALUES('RA','M_BURSTING_RP_BKP','');
INSERT INTO SCHEMA_INFO VALUES('RA','M_ITEM_MASTER_PREV','');
INSERT INTO SCHEMA_INFO VALUES('RA','M_ITEM_BUYER_PREV','');
INSERT INTO SCHEMA_INFO VALUES('RA','M_ITEM_SR_BUYER_PREV','');
INSERT INTO SCHEMA_INFO VALUES('RA','TEST110','');
INSERT INTO SCHEMA_INFO VALUES('RA','ZZ_OB_ITEMS','');
INSERT INTO SCHEMA_INFO VALUES('RA','ZZ_OB_SALES','');
INSERT INTO SCHEMA_INFO VALUES('RA','TM1_OTHER_INCOME_F','');
INSERT INTO SCHEMA_INFO VALUES('RA','M_SERVICE_LEVEL_ITEM','');
INSERT INTO SCHEMA_INFO VALUES('RA','TM1_ACTUAL_SALES_BY_CLASS','');
INSERT INTO SCHEMA_INFO VALUES('RA','M_MAKRO_M_AGING_NBS_MTH','');
INSERT INTO SCHEMA_INFO VALUES('RA','MA_CT_MON','');
INSERT INTO SCHEMA_INFO VALUES('RA','MA_CT_DIV_MON','');
INSERT INTO SCHEMA_INFO VALUES('RA','MA_CT_DIV_ST_MON','');
INSERT INTO SCHEMA_INFO VALUES('RA','MA_CT_ST_MON','');
INSERT INTO SCHEMA_INFO VALUES('RA','MA_ST_CL_CT_MON','');
INSERT INTO SCHEMA_INFO VALUES('RA','MA_CL_CT_MON','');
INSERT INTO SCHEMA_INFO VALUES('RA','M_BU_IT_SUPPLIER_V_T1','');
INSERT INTO SCHEMA_INFO VALUES('RA','TMB_CUST','');
INSERT INTO SCHEMA_INFO VALUES('RA','TMB_ITEM','');
INSERT INTO SCHEMA_INFO VALUES('RA','MA_TM1_ACTUAL_SALES','');
INSERT INTO SCHEMA_INFO VALUES('RA','TM1_ACTUAL_OB_SALES_F','');
INSERT INTO SCHEMA_INFO VALUES('RA','MA_TM1_ACTUAL_SALES_CL2','');
INSERT INTO SCHEMA_INFO VALUES('RA','NN_CT_DIV_ST_DAY','');
INSERT INTO SCHEMA_INFO VALUES('RA','NU_TEST','');
INSERT INTO SCHEMA_INFO VALUES('RA','MA_CONSIGN_CT_DIV_ST_DAY','');
INSERT INTO SCHEMA_INFO VALUES('RA','ZZ_MA_OB_ITEM','');
INSERT INTO SCHEMA_INFO VALUES('RA','MA_ST_CUST_MON','');
INSERT INTO SCHEMA_INFO VALUES('RA','M_AGING_NBS_MTH_TMP3','');
INSERT INTO SCHEMA_INFO VALUES('RA','KPMG_RA_INVOICE','');
INSERT INTO SCHEMA_INFO VALUES('RA','M_ITEM_BK','');
INSERT INTO SCHEMA_INFO VALUES('RA','M_ITEM_LOC_STATUS_BK','');
INSERT INTO SCHEMA_INFO VALUES('RA','M_MAKRO_M_AGING_NBS_WK_BK','');
INSERT INTO SCHEMA_INFO VALUES('RA','M_ITEM_AGING_PARAM_BK','');
INSERT INTO SCHEMA_INFO VALUES('RA','M_ITEM_EXCL_AGING_PARAM_BK','');
INSERT INTO SCHEMA_INFO VALUES('RA','M_MAKRO_M_AGING_NBS_MTH_BK','');
INSERT INTO SCHEMA_INFO VALUES('RA','M_ITEM_LOC_SOH_WK_BK','');
INSERT INTO SCHEMA_INFO VALUES('RA','M_AGING_NBS_WK_TMP1_BK','');
INSERT INTO SCHEMA_INFO VALUES('RA','M_AGING_NBS_WK_TMP2_BK','');
INSERT INTO SCHEMA_INFO VALUES('RA','M_AGING_NBS_WK_TMP3_BK','');
INSERT INTO SCHEMA_INFO VALUES('RA','M_AGING_NBS_WK_BK','');
INSERT INTO SCHEMA_INFO VALUES('RA','CONCESSION_RATE','');
INSERT INTO SCHEMA_INFO VALUES('RA','CONCESSION_DATA','');
INSERT INTO SCHEMA_INFO VALUES('RA','CONCESSION_ITEM_RATE','');
INSERT INTO SCHEMA_INFO VALUES('RA','MA_TM1_CONCESSION_SALES','');
INSERT INTO SCHEMA_INFO VALUES('RA','M_ITEM_BKP_JAN11','');
INSERT INTO SCHEMA_INFO VALUES('RA','M_ITEM_LOC_STATUS_BKP_JAN11','');
INSERT INTO SCHEMA_INFO VALUES('RA','M_ITEM_LOC_SOH_MTH_BKP_JAN11','');
INSERT INTO SCHEMA_INFO VALUES('RA','MA_CT_DIV_ST_DAY','');
INSERT INTO SCHEMA_INFO VALUES('RA','M_ITEM_BKP_JAN18','');
INSERT INTO SCHEMA_INFO VALUES('RA','M_ITEM_LOC_STATUS_BKP_JAN18','');
INSERT INTO SCHEMA_INFO VALUES('RA','M_ITEM_LOC_SOH_MTH_BKP_JAN18','');
INSERT INTO SCHEMA_INFO VALUES('RA','MA_CUST_DELETE','');
INSERT INTO SCHEMA_INFO VALUES('RA','M_AGING_NBS_MTH_LM','');
INSERT INTO SCHEMA_INFO VALUES('RA','M_AGING_NBS_WK_LM','');
INSERT INTO SCHEMA_INFO VALUES('RA','MA_ST_CUST_MON_201511','');
INSERT INTO SCHEMA_INFO VALUES('RA','MA_ST_CUST_MON_201510','');
INSERT INTO SCHEMA_INFO VALUES('RA','MA_TM1_CUSTOMER_DATA','');
INSERT INTO SCHEMA_INFO VALUES('RA','MA_ST_CUST_MON_201501','');
INSERT INTO SCHEMA_INFO VALUES('RA','MA_ST_CUST_MON_201502','');
INSERT INTO SCHEMA_INFO VALUES('RA','MA_ST_CUST_MON_201503','');
INSERT INTO SCHEMA_INFO VALUES('RA','MA_ST_CUST_MON_201504','');
INSERT INTO SCHEMA_INFO VALUES('RA','MA_ST_CUST_MON_201505','');
INSERT INTO SCHEMA_INFO VALUES('RA','MA_ST_CUST_MON_201506','');
INSERT INTO SCHEMA_INFO VALUES('RA','MA_ST_CUST_MON_201507','');
INSERT INTO SCHEMA_INFO VALUES('RA','MA_ST_CUST_MON_201508','');
INSERT INTO SCHEMA_INFO VALUES('RA','MA_ST_CUST_MON_201509','');
INSERT INTO SCHEMA_INFO VALUES('RA','MA_REG_CUST_201511','');
INSERT INTO SCHEMA_INFO VALUES('RA','MA_REG_CUST_201510','');
INSERT INTO SCHEMA_INFO VALUES('RA','MA_NEW_CUST','');
INSERT INTO SCHEMA_INFO VALUES('RA','TM1_CUSTOMER_DATA_20151231','');
INSERT INTO SCHEMA_INFO VALUES('RA','M_ITEM_BKP_JAN22','');
INSERT INTO SCHEMA_INFO VALUES('RA','M_ITEM_LOC_STATUS_BKP_JAN22','');
INSERT INTO SCHEMA_INFO VALUES('RA','M_ITEM_LOC_SOH_MTH_BKP_JAN22','');
INSERT INTO SCHEMA_INFO VALUES('RA','M_ITEM_BKP_JAN26','');
INSERT INTO SCHEMA_INFO VALUES('RA','M_ITEM_LOC_STATUS_BKP_JAN26','');
INSERT INTO SCHEMA_INFO VALUES('RA','M_ITEM_LOC_SOH_WK_BKP_JAN26','');
INSERT INTO SCHEMA_INFO VALUES('RA','M_ITEM_BKP_JAN27','');
INSERT INTO SCHEMA_INFO VALUES('RA','M_ITEM_LOC_STATUS_BKP_JAN27','');
INSERT INTO SCHEMA_INFO VALUES('RA','M_ITEM_AGING_PARAM_BKP_JAN27','');
INSERT INTO SCHEMA_INFO VALUES('RA','M_ITEM_EXCL_AGING_PARAM_JAN27','');
INSERT INTO SCHEMA_INFO VALUES('RA','M_MAKRO_M_AGING_NBS_MTH_JAN27','');
INSERT INTO SCHEMA_INFO VALUES('RA','M_ITEM_LOC_SOH_MTH_BKP_JAN27','');
INSERT INTO SCHEMA_INFO VALUES('RA','M_AGING_NBS_MTH_TMP1_BKP_JAN27','');
INSERT INTO SCHEMA_INFO VALUES('RA','M_AGING_NBS_MTH_TMP2_BKP_JAN27','');
INSERT INTO SCHEMA_INFO VALUES('RA','M_AGING_NBS_MTH_TMP3_BKP_JAN27','');
INSERT INTO SCHEMA_INFO VALUES('RA','M_AGING_NBS_MTH_BKP_JAN27','');
INSERT INTO SCHEMA_INFO VALUES('RA','M_MAKRO_M_AGING_NBS_WK_JAN27','');
INSERT INTO SCHEMA_INFO VALUES('RA','M_ITEM_LOC_SOH_WK_BKP_JAN27','');
INSERT INTO SCHEMA_INFO VALUES('RA','M_AGING_NBS_WK_TMP1_BKP_JAN27','');
INSERT INTO SCHEMA_INFO VALUES('RA','M_AGING_NBS_WK_TMP2_BKP_JAN27','');
INSERT INTO SCHEMA_INFO VALUES('RA','M_AGING_NBS_WK_TMP3_BKP_JAN27','');
INSERT INTO SCHEMA_INFO VALUES('RA','M_AGING_NBS_WK_BKP_JAN27','');
INSERT INTO SCHEMA_INFO VALUES('RA','M_ITEM_BKP_JAN28','');
INSERT INTO SCHEMA_INFO VALUES('RA','M_ITEM_LOC_STATUS_BKP_JAN28','');
INSERT INTO SCHEMA_INFO VALUES('RA','M_ITEM_AGING_PARAM_BKP_JAN28','');
INSERT INTO SCHEMA_INFO VALUES('RA','M_ITEM_EXCL_AGING_PARAM_JAN28','');
INSERT INTO SCHEMA_INFO VALUES('RA','M_MAKRO_M_AGING_NBS_WK_JAN28','');
INSERT INTO SCHEMA_INFO VALUES('RA','M_ITEM_LOC_SOH_WK_BKP_JAN28','');
INSERT INTO SCHEMA_INFO VALUES('RA','M_AGING_NBS_WK_TMP1_BKP_JAN28','');
INSERT INTO SCHEMA_INFO VALUES('RA','M_AGING_NBS_WK_TMP2_BKP_JAN28','');
INSERT INTO SCHEMA_INFO VALUES('RA','M_AGING_NBS_WK_TMP3_BKP_JAN28','');
INSERT INTO SCHEMA_INFO VALUES('RA','M_AGING_NBS_WK_BKP_JAN28','');
INSERT INTO SCHEMA_INFO VALUES('RA','MA_CUST','');
INSERT INTO SCHEMA_INFO VALUES('RA','MA_PROMO_DISC_D','');
INSERT INTO SCHEMA_INFO VALUES('RA','MA_TM1_ACTUAL_SALES_2016','');
INSERT INTO SCHEMA_INFO VALUES('RA','ZZ_CONCESSION_ITEM','');
INSERT INTO SCHEMA_INFO VALUES('RA','MA_LFL_STORE','');
INSERT INTO SCHEMA_INFO VALUES('RA','M_ITEM_BKP_FEB02','');
INSERT INTO SCHEMA_INFO VALUES('RA','M_ITEM_LOC_STATUS_BKP_FEB02','');
INSERT INTO SCHEMA_INFO VALUES('RA','M_ITEM_LOC_SOH_MTH_BKP_FEB02','');
INSERT INTO SCHEMA_INFO VALUES('RA','M_ITEM_BKP_FEB03','');
INSERT INTO SCHEMA_INFO VALUES('RA','M_ITEM_LOC_STATUS_BKP_FEB03','');
INSERT INTO SCHEMA_INFO VALUES('RA','M_ITEM_LOC_SOH_MTH_BKP_FEB03','');
INSERT INTO SCHEMA_INFO VALUES('RA','MA_CT_DIV_LFL_MON','');
INSERT INTO SCHEMA_INFO VALUES('RA','MA_CT_LFL_MON','');
INSERT INTO SCHEMA_INFO VALUES('RA','MA_PROMO_DISC_F','');
INSERT INTO SCHEMA_INFO VALUES('RA','M_ITEM1','');
INSERT INTO SCHEMA_INFO VALUES('RA','M_ITEM_LOC_SOH_MTH1','');
INSERT INTO SCHEMA_INFO VALUES('RA','MA_STORES_H','');
INSERT INTO SCHEMA_INFO VALUES('RA','MA_STORES_D','');
INSERT INTO SCHEMA_INFO VALUES('RA','MA_CUST_MAIN_GRP','');
INSERT INTO SCHEMA_INFO VALUES('RA','M_ITEM_BKP_FEB21','');
INSERT INTO SCHEMA_INFO VALUES('RA','M_ITEM_LOC_STATUS_BKP_FEB21','');
INSERT INTO SCHEMA_INFO VALUES('RA','M_ITEM_LOC_SOH_MTH_BKP_FEB21','');
INSERT INTO SCHEMA_INFO VALUES('RA','DAY','');
INSERT INTO SCHEMA_INFO VALUES('RA','M_BURSTING_RP_BK','');
INSERT INTO SCHEMA_INFO VALUES('RA','M_BURSTING_RP_29FEB','');
INSERT INTO SCHEMA_INFO VALUES('RA','LOC','');
INSERT INTO SCHEMA_INFO VALUES('RA','MA_REPORT_CALENDAR','');
INSERT INTO SCHEMA_INFO VALUES('RA','M_ITEM_LOC_SOH_WK1','');
INSERT INTO SCHEMA_INFO VALUES('RA','M_SCHEDULE_TRIGGER','');
INSERT INTO SCHEMA_INFO VALUES('RA','ZZ_COMPARE_CUST_TYPE','');
INSERT INTO SCHEMA_INFO VALUES('RA','ZZ_COMPARE_CT','');
INSERT INTO SCHEMA_INFO VALUES('RA','ZZ_COMPARE_CUST','');
INSERT INTO SCHEMA_INFO VALUES('RA','TRIG_DATA','');
INSERT INTO SCHEMA_INFO VALUES('RA','SCHEDULE_TRIGGER','');
INSERT INTO SCHEMA_INFO VALUES('RA','CATEGORY','');
INSERT INTO SCHEMA_INFO VALUES('RA','M_ITEM_BKP_MAR18','');
INSERT INTO SCHEMA_INFO VALUES('RA','M_ITEM_LOC_STATUS_BKP_MAR18','');
INSERT INTO SCHEMA_INFO VALUES('RA','M_ITEM_AGING_PARAM_BKP_MAR18','');
INSERT INTO SCHEMA_INFO VALUES('RA','M_ITEM_EXCL_AGING_PARAM_MAR18','');
INSERT INTO SCHEMA_INFO VALUES('RA','M_MAKRO_M_AGING_NBS_WK_MAR18','');
INSERT INTO SCHEMA_INFO VALUES('RA','M_ITEM_LOC_SOH_WK_BKP_MAR18','');
INSERT INTO SCHEMA_INFO VALUES('RA','M_AGING_NBS_WK_TMP1_BKP_MAR18','');
INSERT INTO SCHEMA_INFO VALUES('RA','M_AGING_NBS_WK_TMP2_BKP_MAR18','');
INSERT INTO SCHEMA_INFO VALUES('RA','M_AGING_NBS_WK_TMP3_BKP_MAR18','');
INSERT INTO SCHEMA_INFO VALUES('RA','M_AGING_NBS_WK_BKP_MAR18','');
INSERT INTO SCHEMA_INFO VALUES('RA','M_ITEM_BKP_MAR21','');
INSERT INTO SCHEMA_INFO VALUES('RA','M_ITEM_LOC_STATUS_BKP_MAR21','');
INSERT INTO SCHEMA_INFO VALUES('RA','M_ITEM_AGING_PARAM_BKP_MAR21','');
INSERT INTO SCHEMA_INFO VALUES('RA','M_ITEM_EXCL_AGING_PARAM_MAR21','');
INSERT INTO SCHEMA_INFO VALUES('RA','M_MAKRO_M_AGING_NBS_WK_MAR21','');
INSERT INTO SCHEMA_INFO VALUES('RA','M_ITEM_LOC_SOH_WK_BKP_MAR21','');
INSERT INTO SCHEMA_INFO VALUES('RA','M_AGING_NBS_WK_TMP1_BKP_MAR21','');
INSERT INTO SCHEMA_INFO VALUES('RA','M_AGING_NBS_WK_TMP2_BKP_MAR21','');
INSERT INTO SCHEMA_INFO VALUES('RA','M_AGING_NBS_WK_TMP3_BKP_MAR21','');
INSERT INTO SCHEMA_INFO VALUES('RA','M_AGING_NBS_WK_BKP_MAR21','');
INSERT INTO SCHEMA_INFO VALUES('RA','MA_SPENDING_RANGE','');
INSERT INTO SCHEMA_INFO VALUES('RA','MA_SPENDING_INV','');
INSERT INTO SCHEMA_INFO VALUES('RA','ZZ_CAN','');
INSERT INTO SCHEMA_INFO VALUES('RA','MA_TOBACCO_STORE','');
INSERT INTO SCHEMA_INFO VALUES('RA','MA_TOBACCO_REC','');
INSERT INTO SCHEMA_INFO VALUES('RA','MA_TOBACCO_PROV','');
INSERT INTO SCHEMA_INFO VALUES('RA','MA_TOBACCO_MONTH','');
INSERT INTO SCHEMA_INFO VALUES('RA','M_PO_LOCAL_EMAIL','');
INSERT INTO SCHEMA_INFO VALUES('RA','M_ITEM_BKP_MAR31','');
INSERT INTO SCHEMA_INFO VALUES('RA','M_ITEM_LOC_STATUS_BKP_MAR31','');
INSERT INTO SCHEMA_INFO VALUES('RA','M_ITEM_LOC_SOH_WK_BKP_MAR31','');
INSERT INTO SCHEMA_INFO VALUES('RA','M_ITEM_LOC_SOH_MTH_BKP_MAR31','');
INSERT INTO SCHEMA_INFO VALUES('RA','M_ITEM_BKP_MTH_MAR31','');
INSERT INTO SCHEMA_INFO VALUES('RA','M_ITEM_MTH_MAR31','');
INSERT INTO SCHEMA_INFO VALUES('RA','M_ITEM_LOC_STATUS_MTH_MAR31','');
INSERT INTO SCHEMA_INFO VALUES('RA','TEMP_1','');
INSERT INTO SCHEMA_INFO VALUES('RA','AGING_NBS_WK_TMP1','');
INSERT INTO SCHEMA_INFO VALUES('RA','AGING_NBS_WK_TMP2','');
INSERT INTO SCHEMA_INFO VALUES('RA','AGING_NBS_WK_TMP3','');
INSERT INTO SCHEMA_INFO VALUES('RA','AGING_NBS_WK','');
INSERT INTO SCHEMA_INFO VALUES('RA','SCHEDULE_TEST','');
INSERT INTO SCHEMA_INFO VALUES('RA','MA_LOAD_ORDERS','');
INSERT INTO SCHEMA_INFO VALUES('RA','ZZ_MBS_SKU','');
INSERT INTO SCHEMA_INFO VALUES('RA','MA_TM1_CUSTOMER_DATA_BACKUP','');
INSERT INTO SCHEMA_INFO VALUES('RA','MA_BUYER_ITEM','');
INSERT INTO SCHEMA_INFO VALUES('RA','MA_OB_ITEM','');
INSERT INTO SCHEMA_INFO VALUES('RA','MA_BUYER_OB_ITEM','');
INSERT INTO SCHEMA_INFO VALUES('RA','MA_SLS_IT_LC_MON','');
INSERT INTO SCHEMA_INFO VALUES('RA','MA_SEASONAL_STORE','');
INSERT INTO SCHEMA_INFO VALUES('RA','MA_SEASONAL_ITEM','');
INSERT INTO SCHEMA_INFO VALUES('RA','ZZ_MA_TM1','');
INSERT INTO SCHEMA_INFO VALUES('RA','MA_TM1_ACTUAL_SALES_CL_0429','');
INSERT INTO SCHEMA_INFO VALUES('RA','TM1_ACTUAL_OB_SALES_F_BACKUP','');
INSERT INTO SCHEMA_INFO VALUES('RA','M_AGING_NBS_MTH_BKP_30APR','');
INSERT INTO SCHEMA_INFO VALUES('RA','M_ITEM_LOC_SOH_MTH_APR','');
INSERT INTO SCHEMA_INFO VALUES('RA','M_ITEM_LOC_SOH_MTH','');
INSERT INTO SCHEMA_INFO VALUES('RA','M_AGING_NBS_MTH_TMP1_APR','');
INSERT INTO SCHEMA_INFO VALUES('RA','M_AGING_NBS_MTH_TMP2_APR','');
INSERT INTO SCHEMA_INFO VALUES('RA','M_AGING_NBS_MTH_TMP2','');
INSERT INTO SCHEMA_INFO VALUES('RA','M_AGING_NBS_MTH_TMP3_APR','');
INSERT INTO SCHEMA_INFO VALUES('RA','M_AGING_NBS_MTH_APR','');
INSERT INTO SCHEMA_INFO VALUES('RA','M_AGING_NBS_MTH','');
INSERT INTO SCHEMA_INFO VALUES('RA','M_AGING_NBS_MTH_TMP1','');
INSERT INTO SCHEMA_INFO VALUES('RA','M_ITEM_05','');
INSERT INTO SCHEMA_INFO VALUES('RA','M_ITEM_LOC_SOH_WK_05','');
INSERT INTO SCHEMA_INFO VALUES('RA','M_ITEM','');
INSERT INTO SCHEMA_INFO VALUES('RA','M_ITEM_AGING_PARAM','');
INSERT INTO SCHEMA_INFO VALUES('RA','M_ITEM_EXCL_AGING_PARAM','');
INSERT INTO SCHEMA_INFO VALUES('RA','M_MAKRO_M_AGING_NBS_WK','');
INSERT INTO SCHEMA_INFO VALUES('RA','M_AGING_NBS_WK_TMP1','');
INSERT INTO SCHEMA_INFO VALUES('RA','M_AGING_NBS_WK_TMP2','');
INSERT INTO SCHEMA_INFO VALUES('RA','M_AGING_NBS_WK_TMP3','');
INSERT INTO SCHEMA_INFO VALUES('RA','M_AGING_NBS_WK','');
INSERT INTO SCHEMA_INFO VALUES('RA','M_ITEM_LOC_STATUS_05','');
INSERT INTO SCHEMA_INFO VALUES('RA','M_ITEM_LOC_STATUS','');
INSERT INTO SCHEMA_INFO VALUES('RA','ZZ_NEW_OI','');
INSERT INTO SCHEMA_INFO VALUES('RA','MA_ITEM_FRFS','');
INSERT INTO SCHEMA_INFO VALUES('RA','M_STORE_DATA_LVL_SECURITY_TBL','');
INSERT INTO SCHEMA_INFO VALUES('RA','NP_ITEM_TEMP','');
INSERT INTO SCHEMA_INFO VALUES('RA','MA_ABC_SALES','');
INSERT INTO SCHEMA_INFO VALUES('RA','MA_SALES_DASHBOARD_BUDGET','');
INSERT INTO SCHEMA_INFO VALUES('RA','ZZ_MA_SALES_DASHBOARD','');
INSERT INTO SCHEMA_INFO VALUES('RA','MA_SALES_DASHBOARD_CLASS','');
INSERT INTO SCHEMA_INFO VALUES('RA','MA_SALES_DASHBOARD','');
INSERT INTO SCHEMA_INFO VALUES('RA','MA_SALES_DASHBOARD_CUST_TYPE','');
INSERT INTO SCHEMA_INFO VALUES('RA','MA_SALES_DASHBOARD_MERCH','');
INSERT INTO SCHEMA_INFO VALUES('RA','MA_TM1_CUSTOMER_DATA_201606','');
INSERT INTO SCHEMA_INFO VALUES('RA','MA_TM1_CUSTOMER_DATA_20160622','');
INSERT INTO SCHEMA_INFO VALUES('RA','MA_REG_CUST2','');
INSERT INTO SCHEMA_INFO VALUES('RA','MA_TM1_CUSTOMER_DATA_20160626','');
INSERT INTO SCHEMA_INFO VALUES('RA','MA_TM1_CUSTOMER_DATA_20160627','');
INSERT INTO SCHEMA_INFO VALUES('RA','ZZ_LFL','');
INSERT INTO SCHEMA_INFO VALUES('RA','ZZ_LFL90','');
INSERT INTO SCHEMA_INFO VALUES('RA','MA_REG_CUST_0626','');
INSERT INTO SCHEMA_INFO VALUES('RA','MA_TM1_CUSTOMER_DATA_20160629','');
INSERT INTO SCHEMA_INFO VALUES('RA','ZZ_STORE_PROVINCE','');
INSERT INTO SCHEMA_INFO VALUES('RA','MA_SALES_DASHBOARD_ORG','');
INSERT INTO SCHEMA_INFO VALUES('RA','MA_SALES_DASHBOARD_DIVISION','');
INSERT INTO SCHEMA_INFO VALUES('RA','MA_TM1_CUSTOMER_DATA_20160630','');
INSERT INTO SCHEMA_INFO VALUES('RA','MA_ST_CUST_MON_YTD','');
INSERT INTO SCHEMA_INFO VALUES('RA','M_PARTY_PER_D_JUNE30','');
INSERT INTO SCHEMA_INFO VALUES('RA','MA_TM1_CUSTOMER_DATA_20160705','');
INSERT INTO SCHEMA_INFO VALUES('RA','ZZ_ORG','');
INSERT INTO SCHEMA_INFO VALUES('RA','MA_TM1_ACTUAL_SALES_201606','');
INSERT INTO SCHEMA_INFO VALUES('RA','MA_TM1_CUSTOMER_DATA_20160705B','');
INSERT INTO SCHEMA_INFO VALUES('RA','MA_DASHBOARD_CALENDAR','');
INSERT INTO SCHEMA_INFO VALUES('RA','MA_SALES_DASHBOARD_DIV_BUDGET','');
INSERT INTO SCHEMA_INFO VALUES('RA','MA_SALES_DASHBOARD_DIV_LY','');
INSERT INTO SCHEMA_INFO VALUES('RA','TEMP1','');
INSERT INTO SCHEMA_INFO VALUES('RA','OOSIND_NK','');
INSERT INTO SCHEMA_INFO VALUES('RA','MA_SALES_DASHBOARD_CLASS_MON','');
INSERT INTO SCHEMA_INFO VALUES('RA','MA_SALES_DASHBOARD_DIV_MON','');
INSERT INTO SCHEMA_INFO VALUES('RA','MA_SALES_DASHBOARD_DIV','');
INSERT INTO SCHEMA_INFO VALUES('RA','TM1_ACTUAL_OB_SALES_F_20160721','');
INSERT INTO SCHEMA_INFO VALUES('RA','MA_TM1_MASTER_ART_SUBGRP','');
INSERT INTO SCHEMA_INFO VALUES('RA','MA_TM1_MASTER_ART_SUBGRP_ITEM','');
INSERT INTO SCHEMA_INFO VALUES('RA','M_PO_LOCAL_EMAIL_2607','');
INSERT INTO SCHEMA_INFO VALUES('RA','CATEGORY1','');
INSERT INTO SCHEMA_INFO VALUES('RA','M_SUP_SPLIT_EMAIL','');
INSERT INTO SCHEMA_INFO VALUES('RA','MA_TM1_CUSTOMER_DATA_20160702','');
INSERT INTO SCHEMA_INFO VALUES('RA','M_DMS_ITEM_LIST','');
INSERT INTO SCHEMA_INFO VALUES('RA','ZZ_NEW','');
INSERT INTO SCHEMA_INFO VALUES('RA','MA_TM1_MASTER_ART_SUBGRP_0705','');
INSERT INTO SCHEMA_INFO VALUES('RA','ALL_DT_TEST','');
INSERT INTO SCHEMA_INFO VALUES('RA','M_MCAL_DAY_V_T1','');
INSERT INTO SCHEMA_INFO VALUES('RA','D3_T','');
INSERT INTO SCHEMA_INFO VALUES('RA','D5_T','');
INSERT INTO SCHEMA_INFO VALUES('RA','MA_TM1_MASTER_ART_SUBGRP_0811','');
INSERT INTO SCHEMA_INFO VALUES('RA','MA_TM1_CUSTOMER_DATA_20160811','');
INSERT INTO SCHEMA_INFO VALUES('RA','TM1_ACTUAL_OB_SALES_F_20160811','');
INSERT INTO SCHEMA_INFO VALUES('RA','MA_TM1_MASTER_ART_SUBGRP_0815','');
INSERT INTO SCHEMA_INFO VALUES('RA','NP_CUST_TEMP2','');
INSERT INTO SCHEMA_INFO VALUES('RA','NP_CUST_TEMP','');
INSERT INTO SCHEMA_INFO VALUES('RA','TM1_ACTUAL_OB_SALES_F_20160816','');
INSERT INTO SCHEMA_INFO VALUES('RA','ZZ_SUBGRP','');
INSERT INTO SCHEMA_INFO VALUES('RA','ZZ_MISSING_SUBGRP','');
INSERT INTO SCHEMA_INFO VALUES('RA','TM1_ACTUAL_OB_SALES_F_0815','');
INSERT INTO SCHEMA_INFO VALUES('RA','M_PROMO_BUD_DSM_SLS_A','');
INSERT INTO SCHEMA_INFO VALUES('RA','MA_PRODUCT_BUYER','');
INSERT INTO SCHEMA_INFO VALUES('RA','MA_TM1_MASTER_ART_SUBGRP_NEW','');
INSERT INTO SCHEMA_INFO VALUES('RA','MA_TM1_OB_SALES_NEW','');
INSERT INTO SCHEMA_INFO VALUES('RA','M_SUP_PILOT_TEST1','');
INSERT INTO SCHEMA_INFO VALUES('RA','ZZ_ITEM_SALES_AS_WAS','');
INSERT INTO SCHEMA_INFO VALUES('RA','M_PROMO_BUDGET_DSM_SALES','');
INSERT INTO SCHEMA_INFO VALUES('RA','MA_OI_BUDGET_STAGING','');
INSERT INTO SCHEMA_INFO VALUES('RA','ZZ_CAN19','');
INSERT INTO SCHEMA_INFO VALUES('RA','ZZ_CAN68','');
INSERT INTO SCHEMA_INFO VALUES('RA','ZZ_CAN82','');
INSERT INTO SCHEMA_INFO VALUES('RA','ZZ_CAN100','');
INSERT INTO SCHEMA_INFO VALUES('RA','ZZ_CNB19','');
INSERT INTO SCHEMA_INFO VALUES('RA','ZZ_CNB19B','');
INSERT INTO SCHEMA_INFO VALUES('RA','ZZ_CNB68A','');
INSERT INTO SCHEMA_INFO VALUES('RA','ZZ_CNB68B','');
INSERT INTO SCHEMA_INFO VALUES('RA','ZZ_CNB82','');
INSERT INTO SCHEMA_INFO VALUES('RA','ZZ_CNB100','');
INSERT INTO SCHEMA_INFO VALUES('RA','MA_SLS_ST_CT_DAY','');
INSERT INTO SCHEMA_INFO VALUES('RA','MA_BUD_ST_CT_DAY','');
INSERT INTO SCHEMA_INFO VALUES('RA','MA_NON_MERCHANDISE','');
INSERT INTO SCHEMA_INFO VALUES('RA','M_SUP_PILOT_TEST','');
INSERT INTO SCHEMA_INFO VALUES('RA','ZZ_MA_TM1_CUSTOMER_DATA','');
INSERT INTO SCHEMA_INFO VALUES('RA','MA_TM1_CUSTOMER_DATA_20160914','');
INSERT INTO SCHEMA_INFO VALUES('RA','M_STORE_DATA_LVL_SECURITY_TBL2','');
INSERT INTO SCHEMA_INFO VALUES('RA','M_CORP_DATA_LVL_SECURITY_TBLBK','');
INSERT INTO SCHEMA_INFO VALUES('RA','M_CORP_DATA_LVL_SECURITY_TBLST','');
INSERT INTO SCHEMA_INFO VALUES('RA','ZZ_CAN3','');
INSERT INTO SCHEMA_INFO VALUES('RA','ZZ_CAN4','');
INSERT INTO SCHEMA_INFO VALUES('RA','ZZ_CNB_PICHIT1','');
INSERT INTO SCHEMA_INFO VALUES('RA','ZZ_CNB_PICHIT2','');
INSERT INTO SCHEMA_INFO VALUES('RA','ZZ_CNB_UTARADIT1','');
INSERT INTO SCHEMA_INFO VALUES('RA','ZZ_CNB_UTARADIT2','');
INSERT INTO SCHEMA_INFO VALUES('RA','ZZ_CNB_PUREPLACE1','');
INSERT INTO SCHEMA_INFO VALUES('RA','ZZ_CNB_PUREPLACE2','');
INSERT INTO SCHEMA_INFO VALUES('RA','ZZ_CAN_CHOENG_THALE','');
INSERT INTO SCHEMA_INFO VALUES('RA','ZZ_CAN1','');
INSERT INTO SCHEMA_INFO VALUES('RA','ZZ_CAN2','');
INSERT INTO SCHEMA_INFO VALUES('RA','ZZ_CNB_AMNAT_CHAROEN1','');
INSERT INTO SCHEMA_INFO VALUES('RA','ZZ_CNB_AMNAT1','');
INSERT INTO SCHEMA_INFO VALUES('RA','ZZ_CNB_AMNAT2','');
INSERT INTO SCHEMA_INFO VALUES('RA','MA_IT_LC_DISC','');
INSERT INTO SCHEMA_INFO VALUES('RA','MA_REG_CUST_CREATED','');
INSERT INTO SCHEMA_INFO VALUES('RA','MA_TOTAL_ACTIVE','');
INSERT INTO SCHEMA_INFO VALUES('RA','MA_TOT_ACT','');
INSERT INTO SCHEMA_INFO VALUES('RA','ZZ_MA_BATCH_STATUS','');
INSERT INTO SCHEMA_INFO VALUES('RA','MA_TM1_CUSTOMER_DATA_201609','');
INSERT INTO SCHEMA_INFO VALUES('RA','ZZ_CAN_UDOMSUK','');
INSERT INTO SCHEMA_INFO VALUES('RA','ZZ_CNB_UDOMSUK1','');
INSERT INTO SCHEMA_INFO VALUES('RA','ZZ_CNB_UDOMSUK2','');
INSERT INTO SCHEMA_INFO VALUES('RA','ORDER_13','');
INSERT INTO SCHEMA_INFO VALUES('RA','STK_COVER_DAY_SKU1','');
INSERT INTO SCHEMA_INFO VALUES('RA','ZZ_CAN_UDOMSUK_130','');
INSERT INTO SCHEMA_INFO VALUES('RA','ZZ_CNB_UDOMSUK1A','');
INSERT INTO SCHEMA_INFO VALUES('RA','ZZ_CNB_UDOMSUK2A','');
INSERT INTO SCHEMA_INFO VALUES('RA','MA_TM1_ACTUAL_SALES_CL_161014','');
INSERT INTO SCHEMA_INFO VALUES('RA','BKP','');
INSERT INTO SCHEMA_INFO VALUES('RA','ZZ_CNB_50200A','');
INSERT INTO SCHEMA_INFO VALUES('RA','ZZ_CNB_50200B','');
INSERT INTO SCHEMA_INFO VALUES('RA','TMP_SEASONAL','');
INSERT INTO SCHEMA_INFO VALUES('RA','M_USER_LANG_CODE_TBL','');
INSERT INTO SCHEMA_INFO VALUES('RA','MA_TM1_CUSTOMER_DATA_201610','');
INSERT INTO SCHEMA_INFO VALUES('RA','MA_TM1_CUSTOMER_DATA_1610','');
INSERT INTO SCHEMA_INFO VALUES('RA','MA_TM1_CUSTOMER_DATA_1111','');
INSERT INTO SCHEMA_INFO VALUES('RA','M_ITEM_LOC_SOH_WKK','');
INSERT INTO SCHEMA_INFO VALUES('RA','M_ILS_WK','');
INSERT INTO SCHEMA_INFO VALUES('RA','MM_ITEM','');
INSERT INTO SCHEMA_INFO VALUES('RA','MM_ITEM_LOC_STATUS','');
INSERT INTO SCHEMA_INFO VALUES('RA','MM_ITEM_AGING_PARAM','');
INSERT INTO SCHEMA_INFO VALUES('RA','MM_ITEM_EXCL_AGING_PARAM','');
INSERT INTO SCHEMA_INFO VALUES('RA','MM_MAKRO_M_AGING_NBS_WK','');
INSERT INTO SCHEMA_INFO VALUES('RA','MM_ITEM_LOC_SOH_WK','');
INSERT INTO SCHEMA_INFO VALUES('RA','MM_AGING_NBS_WK_TMP1','');
INSERT INTO SCHEMA_INFO VALUES('RA','MM_AGING_NBS_WK_TMP2','');
INSERT INTO SCHEMA_INFO VALUES('RA','MM_AGING_NBS_WK_TMP3','');
INSERT INTO SCHEMA_INFO VALUES('RA','MM_AGING_NBS_WK','');
INSERT INTO SCHEMA_INFO VALUES('RA','M_AGING_NBS_WKKK','');
INSERT INTO SCHEMA_INFO VALUES('RA','M_AGING_NBS_WK_28_DAYS','');
INSERT INTO SCHEMA_INFO VALUES('RA','M_AGING_NBS_WK_TMP1_BKP','');
INSERT INTO SCHEMA_INFO VALUES('RA','M_AGING_NBS_WK_TMP2_BKP','');
INSERT INTO SCHEMA_INFO VALUES('RA','M_AGING_NBS_WK_TMP3_BKP','');
INSERT INTO SCHEMA_INFO VALUES('RA','M_AGING_NBS_WK_BKP','');
INSERT INTO SCHEMA_INFO VALUES('RA','B2C_PRODUCT','');
INSERT INTO SCHEMA_INFO VALUES('RA','B2C_CUST','');
INSERT INTO SCHEMA_INFO VALUES('RA','B2C_SUPPLIER','');
INSERT INTO SCHEMA_INFO VALUES('RA','MA_TM1_CUSTOMER_DATA_201610B','');
INSERT INTO SCHEMA_INFO VALUES('RA','M_ITEM_BKP','');
INSERT INTO SCHEMA_INFO VALUES('RA','M_ITEM_LOC_STATUS_BKP','');
INSERT INTO SCHEMA_INFO VALUES('RA','M_ITEM_AGING_PARAM_BKP','');
INSERT INTO SCHEMA_INFO VALUES('RA','M_ITEM_EXCL_AGING_PARAM_BKP','');
INSERT INTO SCHEMA_INFO VALUES('RA','M_MAKRO_M_AGING_NBS_WK_BKP','');
INSERT INTO SCHEMA_INFO VALUES('RA','AGING_MTH_NOV','');
INSERT INTO SCHEMA_INFO VALUES('RA','AGING_MTH_LM_BKP','');
INSERT INTO SCHEMA_INFO VALUES('RA','MA_TM1_CUSTOMER_DATA_201611','');
INSERT INTO SCHEMA_INFO VALUES('RA','ZZ_CAN_PATHUM','');
INSERT INTO SCHEMA_INFO VALUES('RA','ZZ_CAN_BANGPOO','');
INSERT INTO SCHEMA_INFO VALUES('RA','ZZ_CNB_PATHUM','');
INSERT INTO SCHEMA_INFO VALUES('RA','ZZ_CNB_BANGPOO','');
INSERT INTO SCHEMA_INFO VALUES('RA','M_ITEM_LOC_SOH_MTH_TMP','');
INSERT INTO SCHEMA_INFO VALUES('RA','M_ITEM_LOC_SOH_MTH_BKP','');
INSERT INTO SCHEMA_INFO VALUES('RA','MA_TM1_CUSTOMER_DATA_201612','');
INSERT INTO SCHEMA_INFO VALUES('RA','M_CORP_DATA_LVL_SECURITY_TBLB','');
INSERT INTO SCHEMA_INFO VALUES('RA','M_ITEM_LOC_SOH_WK_BKP','');
INSERT INTO SCHEMA_INFO VALUES('RA','STK_COVER_DAY_SKU_BKP','');
INSERT INTO SCHEMA_INFO VALUES('RA','STK_COVER_DAY_SKU_BKPO','');
INSERT INTO SCHEMA_INFO VALUES('RA','STK_COVER_DAY_SKU_BKP2','');
INSERT INTO SCHEMA_INFO VALUES('RA','STK_COVER_DAY_SKU_BKP3','');
INSERT INTO SCHEMA_INFO VALUES('RA','STOCK_COVER_DAYS_SALESPART','');
INSERT INTO SCHEMA_INFO VALUES('RA','M_ITEM_31DEC','');
INSERT INTO SCHEMA_INFO VALUES('RA','M_ITEM_LOC_STATUS_31DEC','');
INSERT INTO SCHEMA_INFO VALUES('RA','M_ITEM_LOC_SOH_MTH_31DEC','');
INSERT INTO SCHEMA_INFO VALUES('RA','MA_LFL_STORE_2016','');
INSERT INTO SCHEMA_INFO VALUES('RA','STOCK_COVER_DAYS_RASLS','');
INSERT INTO SCHEMA_INFO VALUES('RA','MA_TM1_CUSTOMER_DATA_2016','');
INSERT INTO SCHEMA_INFO VALUES('RA','ZZ_MA_TM1_LFL','');
INSERT INTO SCHEMA_INFO VALUES('RA','MA_PROD_BUYER','');
INSERT INTO SCHEMA_INFO VALUES('RA','ZZ_CAN_01','');
INSERT INTO SCHEMA_INFO VALUES('RA','ZZ_CAN_02','');
INSERT INTO SCHEMA_INFO VALUES('RA','ZZ_CAN_03','');
INSERT INTO SCHEMA_INFO VALUES('RA','ZZ_CNB_03','');
INSERT INTO SCHEMA_INFO VALUES('RA','ZZ_CNB_01A','');
INSERT INTO SCHEMA_INFO VALUES('RA','ZZ_CNB_03A','');
INSERT INTO SCHEMA_INFO VALUES('RA','ZZ_CNB_02A','');
INSERT INTO SCHEMA_INFO VALUES('RA','ZZ_CAN_BODIN','');
INSERT INTO SCHEMA_INFO VALUES('RA','MA_NEW_CUST_CT','');
INSERT INTO SCHEMA_INFO VALUES('RA','MA_NEW_CUST_AP','');
INSERT INTO SCHEMA_INFO VALUES('RA','MA_NEW_CUST_DIFF','');
INSERT INTO SCHEMA_INFO VALUES('RA','MA_TM1_ACTUAL_SALES_20170227','');
INSERT INTO SCHEMA_INFO VALUES('RA','MA_TM1_CUSTOMER_DATA_20170301','');
INSERT INTO SCHEMA_INFO VALUES('RA','MA_NEW_CUST_201601','');
INSERT INTO SCHEMA_INFO VALUES('RA','MA_REG_CUST_201601','');
INSERT INTO SCHEMA_INFO VALUES('RA','MA_REG_CUST_201602','');
INSERT INTO SCHEMA_INFO VALUES('RA','MA_REG_CUST_201603','');
INSERT INTO SCHEMA_INFO VALUES('RA','MA_REG_CUST_201604','');
INSERT INTO SCHEMA_INFO VALUES('RA','MA_REG_CUST_201605','');
INSERT INTO SCHEMA_INFO VALUES('RA','MA_REG_CUST_201606','');
INSERT INTO SCHEMA_INFO VALUES('RA','MA_REG_CUST_201607','');
INSERT INTO SCHEMA_INFO VALUES('RA','MA_REG_CUST_201608','');
INSERT INTO SCHEMA_INFO VALUES('RA','MA_REG_CUST_201609','');
INSERT INTO SCHEMA_INFO VALUES('RA','MA_REG_CUST_201610','');
INSERT INTO SCHEMA_INFO VALUES('RA','MA_REG_CUST_201611','');
INSERT INTO SCHEMA_INFO VALUES('RA','MA_REG_CUST_201612','');
INSERT INTO SCHEMA_INFO VALUES('RA','MA_TM1_CUSTOMER_DATA_201701','');
INSERT INTO SCHEMA_INFO VALUES('RA','Z1','');
INSERT INTO SCHEMA_INFO VALUES('RA','ZZ_CAN_PATTAYA','');
INSERT INTO SCHEMA_INFO VALUES('RA','ZZ_CAN_SATHUPRADIT','');
INSERT INTO SCHEMA_INFO VALUES('RA','ZZ_CAN_PRADIPAT','');
INSERT INTO SCHEMA_INFO VALUES('RA','ZZ_CAN_BODIDACHA','');
INSERT INTO SCHEMA_INFO VALUES('RA','ZZ_CNB_PATTYA1','');
INSERT INTO SCHEMA_INFO VALUES('RA','ZZ_CAN_BODINDACHA','');
INSERT INTO SCHEMA_INFO VALUES('RA','ZZ_CNB_PATTYA2','');
INSERT INTO SCHEMA_INFO VALUES('RA','ZZ_CNB_SATHU1','');
INSERT INTO SCHEMA_INFO VALUES('RA','ZZ_CNB_SATHU2','');
INSERT INTO SCHEMA_INFO VALUES('RA','ZZ_CNB_PRADIPAT1','');
INSERT INTO SCHEMA_INFO VALUES('RA','ZZ_CNB_PRADIPAT2','');
INSERT INTO SCHEMA_INFO VALUES('RA','ZZ_CNB_BODIN1','');
INSERT INTO SCHEMA_INFO VALUES('RA','M_PO_LOCAL_EMAIL_NEW','');
INSERT INTO SCHEMA_INFO VALUES('RA','ZZ_CNB_BODIN2','');
INSERT INTO SCHEMA_INFO VALUES('RA','ZZ_CAN_PRACHA_UTHIT','');
INSERT INTO SCHEMA_INFO VALUES('RA','ZZ_CNB_PRACHA1','');
INSERT INTO SCHEMA_INFO VALUES('RA','ZZ_CNB_PRACHA2','');
INSERT INTO SCHEMA_INFO VALUES('RA','MA_TM1_ACTUAL_SALES_CL_03','');
INSERT INTO SCHEMA_INFO VALUES('RA','MA_TM1_CUSTOMER_DATA_201703','');
INSERT INTO SCHEMA_INFO VALUES('RA','ZZ_CAN_RAMA3','');
INSERT INTO SCHEMA_INFO VALUES('RA','ZZ_CAN_KADRUAMCHOK','');
INSERT INTO SCHEMA_INFO VALUES('RA','ZZ_CAN_SSW24','');
INSERT INTO SCHEMA_INFO VALUES('RA','ZZ_CNB_KAD2','');
INSERT INTO SCHEMA_INFO VALUES('RA','ZZ_CNB_RAMA3A','');
INSERT INTO SCHEMA_INFO VALUES('RA','ZZ_CNB_RAMA3B','');
INSERT INTO SCHEMA_INFO VALUES('RA','ZZ_CNB_SSW24A','');
INSERT INTO SCHEMA_INFO VALUES('RA','ZZ_CNB_SSW24B','');
INSERT INTO SCHEMA_INFO VALUES('RA','MA_TAB_SALES_BUDGET_DAY','');
INSERT INTO SCHEMA_INFO VALUES('RA','MA_TAB_ORG','');
INSERT INTO SCHEMA_INFO VALUES('RA','MA_TAB_PROD_H','');
INSERT INTO SCHEMA_INFO VALUES('RA','MA_TAB_CUST_H','');
INSERT INTO SCHEMA_INFO VALUES('RA','MA_TM1_CUSTOMER_DATA_201704','');
INSERT INTO SCHEMA_INFO VALUES('RA','ZZ_OIA','');
INSERT INTO SCHEMA_INFO VALUES('RA','MA_TM1_OTHER_INCOME','');
INSERT INTO SCHEMA_INFO VALUES('RA','MA_TM1_ACTUAL_SALES_CL_0520','');
INSERT INTO SCHEMA_INFO VALUES('RA','FAW','');
INSERT INTO SCHEMA_INFO VALUES('RA','MA_TAB_SALES_DAY','');
INSERT INTO SCHEMA_INFO VALUES('RA','MA_TAB_BUDGET_DAY','');
INSERT INTO SCHEMA_INFO VALUES('RA','MA_TM1_ACTUAL_SALES_CL_BACKUP','');
INSERT INTO SCHEMA_INFO VALUES('RA','MA_TM1_CUSTOMER_DATA_201705','');
INSERT INTO SCHEMA_INFO VALUES('RA','MA_TM1_ACTUAL_SALES_CL_201705','');
INSERT INTO SCHEMA_INFO VALUES('RA','M_PO_LOCAL_FAX_NEW','');
INSERT INTO SCHEMA_INFO VALUES('RA','M_PO_LOCAL_EMAIL_SIM','');
INSERT INTO SCHEMA_INFO VALUES('RA','MA_CREDIT_SALES','');
INSERT INTO SCHEMA_INFO VALUES('RA','MA_SALES_ITEM_LOC_DAY','');
INSERT INTO SCHEMA_INFO VALUES('RA','MA_CREDIT_SALES_PERCENT','');
INSERT INTO SCHEMA_INFO VALUES('RA','TMP_SALE_CUST_BY_ST','');
INSERT INTO SCHEMA_INFO VALUES('RA','TMP_SALE_CUST_BY_ST_CRD_SL','');
INSERT INTO SCHEMA_INFO VALUES('RA','ZZ_RECPT_06','');
INSERT INTO SCHEMA_INFO VALUES('RA','ZZ_RECPT_05','');
INSERT INTO SCHEMA_INFO VALUES('RA','ZZ_INV_RECPT_REP','');
INSERT INTO SCHEMA_INFO VALUES('RA','ZZ_SALES_MAY','');
INSERT INTO SCHEMA_INFO VALUES('RA','ZZ_SALES_JUN','');
INSERT INTO SCHEMA_INFO VALUES('RA','ZZ_AVG_SALES','');
INSERT INTO SCHEMA_INFO VALUES('RA','ZZ_SOH','');
INSERT INTO SCHEMA_INFO VALUES('RA','ZZ_SOH_P','');
INSERT INTO SCHEMA_INFO VALUES('RA','ZZ_STOCKDAY','');
INSERT INTO SCHEMA_INFO VALUES('RA','ZZ_STOCKDAY_PACK','');
INSERT INTO SCHEMA_INFO VALUES('RA','ZZ_AVG_SALES_COMP','');
INSERT INTO SCHEMA_INFO VALUES('RA','ZZ_STOCKDAY_COMP','');
INSERT INTO SCHEMA_INFO VALUES('RA','MA_TOBACCO_SALES','');
INSERT INTO SCHEMA_INFO VALUES('RA','MA_TOBACCO_ITEM','');
INSERT INTO SCHEMA_INFO VALUES('RA','ZZ_GNC_2016','');
INSERT INTO SCHEMA_INFO VALUES('RA','ZZ_RA_OB_SALES','');
INSERT INTO SCHEMA_INFO VALUES('RA','MA_TM1_CUSTOMER_DATA_201706','');
INSERT INTO SCHEMA_INFO VALUES('RA','ZZ_CNB_02','');
INSERT INTO SCHEMA_INFO VALUES('RA','M_BURSTING_RP_05JUL','');
INSERT INTO SCHEMA_INFO VALUES('RA','M_BURSTING_RP_13174','');
INSERT INTO SCHEMA_INFO VALUES('RA','MAKRO_M_EDI_INV_HDR_RA','');
INSERT INTO SCHEMA_INFO VALUES('RA','MAKRO_M_EDI_INV_DTL_RA','');
INSERT INTO SCHEMA_INFO VALUES('RA','ZZ_CNB_01','');
INSERT INTO SCHEMA_INFO VALUES('RA','ZZ_SALES_KPMG','');
INSERT INTO SCHEMA_INFO VALUES('RA','ZZ_TOBACCO_SALES','');
INSERT INTO SCHEMA_INFO VALUES('RA','M_BURSTING_RP_13JUL','');
INSERT INTO SCHEMA_INFO VALUES('RA','ZZ_SLS','');
INSERT INTO SCHEMA_INFO VALUES('RA','M_CORP_DATA_LVL_SECURITY_TMP','');
INSERT INTO SCHEMA_INFO VALUES('RA','M_CORP_DATA_LVL_SECURITY_BKP','');
INSERT INTO SCHEMA_INFO VALUES('RA','COUNTRY_LANG_MAP','');
INSERT INTO SCHEMA_INFO VALUES('RA','ZZ_CAN_71','');
INSERT INTO SCHEMA_INFO VALUES('RA','ZZ_CNB_KAD1','');
INSERT INTO SCHEMA_INFO VALUES('RA','ZZ_CNB_71','');
INSERT INTO SCHEMA_INFO VALUES('RA','ZZ_IIP_INV','');
INSERT INTO SCHEMA_INFO VALUES('RA','ZZ_IIP_BUDGET','');
INSERT INTO SCHEMA_INFO VALUES('RA','ZZ_IIP_SALES','');
INSERT INTO SCHEMA_INFO VALUES('RA','ZZ_IIP_SLSPR','');
INSERT INTO SCHEMA_INFO VALUES('RA','MA_IIP_RECONCILE','');
INSERT INTO SCHEMA_INFO VALUES('RA','MA_TM1_CUSTOMER_DATA_201707','');
INSERT INTO SCHEMA_INFO VALUES('RA','ZZ_GNC_CUST','');
INSERT INTO SCHEMA_INFO VALUES('RA','TT_SALES_Y2017','');
INSERT INTO SCHEMA_INFO VALUES('RA','MA_ABC_PRODUCT','');
INSERT INTO SCHEMA_INFO VALUES('RA','MA_ABC_PRODUCT_LY','');
INSERT INTO SCHEMA_INFO VALUES('RA','MA_ITEM_LOC_WO_REPL','');
INSERT INTO SCHEMA_INFO VALUES('RA','ITEM_LIST_TEMP','');
INSERT INTO SCHEMA_INFO VALUES('RA','MA_TM1_CUSTOMER_DATA_201708','');
INSERT INTO SCHEMA_INFO VALUES('RA','OOS_COUNT_DAILY_TMP_TEST','');
INSERT INTO SCHEMA_INFO VALUES('RA','M_SUPPLIER_D_TL','');
INSERT INTO SCHEMA_INFO VALUES('RA','ZZ_IT_SALES_2017','');
INSERT INTO SCHEMA_INFO VALUES('RA','ZZ_IT_SALES_2016','');
INSERT INTO SCHEMA_INFO VALUES('RA','ZZ_IT_SALES','');
INSERT INTO SCHEMA_INFO VALUES('RA','ZZ_IT_AVG_SALES','');
INSERT INTO SCHEMA_INFO VALUES('RA','ZZ_INV_EOM','');
INSERT INTO SCHEMA_INFO VALUES('RA','ZZ_PACK','');
INSERT INTO SCHEMA_INFO VALUES('RA','ZZ_SLS_EOM','');
INSERT INTO SCHEMA_INFO VALUES('RA','MA_WHC_ITEM','');
INSERT INTO SCHEMA_INFO VALUES('RA','ZZ_STOCKDAY_DATA','');
INSERT INTO SCHEMA_INFO VALUES('RA','MA_WHC_STORE','');
INSERT INTO SCHEMA_INFO VALUES('RA','ZZ_DAY_MONTH','');
INSERT INTO SCHEMA_INFO VALUES('RA','ZZ_STOCKDAY_CLASS','');
INSERT INTO SCHEMA_INFO VALUES('RA','ZZ_STOCKDAY_SUBCLASS','');
INSERT INTO SCHEMA_INFO VALUES('RA','ZZ_CAN_1','');
INSERT INTO SCHEMA_INFO VALUES('RA','ZZ_CAN_2','');
INSERT INTO SCHEMA_INFO VALUES('RA','ZZ_CAN_3','');
INSERT INTO SCHEMA_INFO VALUES('RA','TEST_STK_COVER_DAY_SKU','');
INSERT INTO SCHEMA_INFO VALUES('RA','ZZ_CNB_2','');
INSERT INTO SCHEMA_INFO VALUES('RA','ZZ_CNB_3','');
INSERT INTO SCHEMA_INFO VALUES('RA','ZZ_CNB_1','');
INSERT INTO SCHEMA_INFO VALUES('RA','M_CORP_DATA_LVL_SECURITYBK926','');
INSERT INTO SCHEMA_INFO VALUES('RA','M_CORP_DATA_LVL_SECURITY_TBL','');
INSERT INTO SCHEMA_INFO VALUES('RA','TEST1_STK_COVER_DAY_SKU','');
INSERT INTO SCHEMA_INFO VALUES('RA','MA_TM1_ACTUAL_SALES_CL_AUG17','');
INSERT INTO SCHEMA_INFO VALUES('RA','ZZ2_MA_TM1_ACTUAL_SALES_CL','');
INSERT INTO SCHEMA_INFO VALUES('RA','MA_DEL_CUST','');
INSERT INTO SCHEMA_INFO VALUES('RA','ZZ_MA_ST_CUST_MON','');
INSERT INTO SCHEMA_INFO VALUES('RA','MA_TM1_CUSTOMER_DATA_201709','');
INSERT INTO SCHEMA_INFO VALUES('RA','ZZ_PROD_HIER','');
INSERT INTO SCHEMA_INFO VALUES('RA','ZZ_STORE','');
INSERT INTO SCHEMA_INFO VALUES('RA','ZZ_CLASS_BUYER','');
INSERT INTO SCHEMA_INFO VALUES('RA','ZZ_STOCKDAY_CLASS_TOTAL','');
INSERT INTO SCHEMA_INFO VALUES('RA','ZZ_STOCKDAY_FORMAT','');
INSERT INTO SCHEMA_INFO VALUES('RA','ZZ_STOCKDAY_CLASS_FORMAT','');
INSERT INTO SCHEMA_INFO VALUES('RA','ZZ_STOCKDAY_DIVISION','');
INSERT INTO SCHEMA_INFO VALUES('RA','SLS_ANALYSIS_L2','');
INSERT INTO SCHEMA_INFO VALUES('RA','SLS_ANALYSIS_L2_STORE','');
INSERT INTO SCHEMA_INFO VALUES('RA','SLS_ANALYSIS_L1_DIST','');
INSERT INTO SCHEMA_INFO VALUES('RA','STK_COVER_DAY_SKU','');
INSERT INTO SCHEMA_INFO VALUES('RA','RA_SEC_WORKAROUND1019','');
INSERT INTO SCHEMA_INFO VALUES('RA','MA_SEASONAL_TYPE','');
INSERT INTO SCHEMA_INFO VALUES('RA','ZZ_CAN_LAD','');
INSERT INTO SCHEMA_INFO VALUES('RA','ZZ_CNB','');
INSERT INTO SCHEMA_INFO VALUES('RA','ZZ_CNB_LAD','');
INSERT INTO SCHEMA_INFO VALUES('RA','TM1_ITEM_OB_MASTER','');
INSERT INTO SCHEMA_INFO VALUES('RA','ZZ_TM1_OB_SALES','');
INSERT INTO SCHEMA_INFO VALUES('RA','MA_TM1_ACTUAL_SALES_CL','');
INSERT INTO SCHEMA_INFO VALUES('RA','MA_SLS_IT_LC_CUR','');
INSERT INTO SCHEMA_INFO VALUES('RA','MA_TM1_CUST_DUPLICATE','');
INSERT INTO SCHEMA_INFO VALUES('RA','MA_REG_CUST','');
INSERT INTO SCHEMA_INFO VALUES('RA','MA_TM1_CUSTOMER_DATA_201710','');
INSERT INTO SCHEMA_INFO VALUES('RA','SLS_ANALYSIS','');
INSERT INTO SCHEMA_INFO VALUES('RA','TEST_SLS_ANALYSIS','');
INSERT INTO SCHEMA_INFO VALUES('RA','MA_SS_FESTIVAL_ITEM','');
INSERT INTO SCHEMA_INFO VALUES('RA','ZZ_CUST','');
INSERT INTO SCHEMA_INFO VALUES('RA','M_SUPPLIER_D_TL_TMP','');
INSERT INTO SCHEMA_INFO VALUES('RA','M_SLS_ANALYSIS_CL_LC_DY_A','');
INSERT INTO SCHEMA_INFO VALUES('RA','M_ITEM_LOC_SOH_WK_TMP','');
INSERT INTO SCHEMA_INFO VALUES('RA','M_ITEM_LOC_SOH_WK','');
INSERT INTO SCHEMA_INFO VALUES('RA','MA_SIEBEL_ROW','');
INSERT INTO SCHEMA_INFO VALUES('RA','MA_THAILAND_PROVINCE','');
INSERT INTO SCHEMA_INFO VALUES('RA','MA_BATCH_STATUS','');
INSERT INTO SCHEMA_INFO VALUES('RA','MV_LOC_COUNTRY','');
INSERT INTO SCHEMA_INFO VALUES('RA','TOAD_PLAN_TABLE','');
INSERT INTO SCHEMA_INFO VALUES('RA','M_RTL_INV_IT_LC_DY_FS_TMP','');
INSERT INTO SCHEMA_INFO VALUES('RA','W_RTL_SLS_TRX_IT_LC_DY_TMP','');
INSERT INTO SCHEMA_INFO VALUES('RA','M_RTL_INVRC_IT_LC_DY_FS_TMP','');
INSERT INTO SCHEMA_INFO VALUES('RA','W_PRODUCT_D_RTL_TMP','');
INSERT INTO SCHEMA_INFO VALUES('RA','W_INT_ORG_D_RTL_TMP','');
INSERT INTO SCHEMA_INFO VALUES('RA','M_PROD_PACKCOMPQTY_MAP_G','');
INSERT INTO SCHEMA_INFO VALUES('RA','M_RTL_SLSPK_IT_DY_A','');
INSERT INTO SCHEMA_INFO VALUES('RA','M_RTL_SLSPK_IT_LC_WK_A','');
INSERT INTO SCHEMA_INFO VALUES('RA','M_RTL_SLSPK_IT_WK_A','');
INSERT INTO SCHEMA_INFO VALUES('RA','M_PARTY_PER_D_0208','');
INSERT INTO SCHEMA_INFO VALUES('RA','M_SUPPSER_PO_F_0223','');
INSERT INTO SCHEMA_INFO VALUES('RA','W_RTL_CURR_MCAL_G1','');
INSERT INTO SCHEMA_INFO VALUES('RA','M_STKAGING_NBS_MTH_020216','');
INSERT INTO SCHEMA_INFO VALUES('RA','M_PARTY_PER_D_0128','');
INSERT INTO SCHEMA_INFO VALUES('RA','M_PARTY_PER_D20151106','');
INSERT INTO SCHEMA_INFO VALUES('RA','M_PARTY_PER_DH20151106','');
INSERT INTO SCHEMA_INFO VALUES('RA','M_MCAL_DY_WK_D','');
INSERT INTO SCHEMA_INFO VALUES('RA','W_RTL_PROMO_D20160115','');
INSERT INTO SCHEMA_INFO VALUES('RA','W_RTL_PROMO_D_TL20160115','');
INSERT INTO SCHEMA_INFO VALUES('RA','REJ_PROMOTIONAL_SALES','');
INSERT INTO SCHEMA_INFO VALUES('RA','W_RTL_SLS_TX_ILD_TMP','');
INSERT INTO SCHEMA_INFO VALUES('RA','M_PARTY_PER_D_0626','');
INSERT INTO SCHEMA_INFO VALUES('RA','CONCESSION_DATA','');
INSERT INTO SCHEMA_INFO VALUES('RA','MISSING_PROMO','');
INSERT INTO SCHEMA_INFO VALUES('RA','M_RTL_PROMO_DESC','');
INSERT INTO SCHEMA_INFO VALUES('RA','DELETED_ITEMS_RA','');
INSERT INTO SCHEMA_INFO VALUES('RA','ITEM_WO_FRFS','');
INSERT INTO SCHEMA_INFO VALUES('RA','M_SOH_SEED_VAL_LOC_LVL','');
INSERT INTO SCHEMA_INFO VALUES('RA','M_SOH_SEED_VAL_SBC_LVL','');
INSERT INTO SCHEMA_INFO VALUES('RA','OOS_COUNT_DAILY_TMP','');
INSERT INTO SCHEMA_INFO VALUES('RA','M_SLS_IT_LC_BU_DY_A_NEW','');
INSERT INTO SCHEMA_INFO VALUES('RA','W_RTL_MKDN_IT_LC_DY_FS','');
INSERT INTO SCHEMA_INFO VALUES('RA','W_RTL_STCKLDGR_SC_LC_MH_FS','');
INSERT INTO SCHEMA_INFO VALUES('RA','W_RTL_SLSWF_IT_LC_DY_FS','');
INSERT INTO SCHEMA_INFO VALUES('RA','W_RTL_BCOST_IT_LC_DY_FS','');
INSERT INTO SCHEMA_INFO VALUES('RA','W_RTL_NCOST_IT_LC_DY_FS','');
INSERT INTO SCHEMA_INFO VALUES('RA','W_RTL_SUPPCM_IT_LC_DY_FS','');
INSERT INTO SCHEMA_INFO VALUES('RA','W_RTL_SLSFC_IT_LC_WK_FS','');
INSERT INTO SCHEMA_INFO VALUES('RA','W_RTL_SUPPCMUF_LC_DY_FS','');
INSERT INTO SCHEMA_INFO VALUES('RA','W_RTL_SLSFC_IT_LC_DY_FS','');
INSERT INTO SCHEMA_INFO VALUES('RA','W_RTL_STCKLDGR_SC_LC_WK_FS','');
INSERT INTO SCHEMA_INFO VALUES('RA','W_RTL_PRICE_IT_LC_DY_FS','');
INSERT INTO SCHEMA_INFO VALUES('RA','W_RTL_SLSPK_IT_LC_DY_FS','');
INSERT INTO SCHEMA_INFO VALUES('RA','W_RTL_SLSPR_TX_IT_LC_DY_FS','');
INSERT INTO SCHEMA_INFO VALUES('RA','W_RTL_SUPP_IVC_PO_IT_FS','');
INSERT INTO SCHEMA_INFO VALUES('RA','W_RTL_INV_DP_DY_CUR_A','');
INSERT INTO SCHEMA_INFO VALUES('RA','W_RTL_INVRC_CL_DY_A','');
INSERT INTO SCHEMA_INFO VALUES('RA','W_RTL_INVRC_CL_LC_DY_A','');
INSERT INTO SCHEMA_INFO VALUES('RA','W_RTL_INVRC_DP_DY_A','');
INSERT INTO SCHEMA_INFO VALUES('RA','W_RTL_INVRC_DP_LC_DY_A','');
INSERT INTO SCHEMA_INFO VALUES('RA','W_RTL_INVRC_SC_DY_A','');
INSERT INTO SCHEMA_INFO VALUES('RA','W_RTL_INVRC_SC_DY_CUR_A','');
INSERT INTO SCHEMA_INFO VALUES('RA','W_RTL_INVRC_SC_LC_DY_A','');
INSERT INTO SCHEMA_INFO VALUES('RA','W_RTL_INVRC_SC_LC_DY_CUR_A','');
INSERT INTO SCHEMA_INFO VALUES('RA','W_RTL_MKDN_CL_DY_CUR_A','');
INSERT INTO SCHEMA_INFO VALUES('RA','W_RTL_MKDN_CL_LC_DY_A','');
INSERT INTO SCHEMA_INFO VALUES('RA','W_RTL_MKDN_CL_LC_DY_CUR_A','');
INSERT INTO SCHEMA_INFO VALUES('RA','W_RTL_MKDN_DP_DY_CUR_A','');
INSERT INTO SCHEMA_INFO VALUES('RA','W_RTL_MKDN_DP_LC_DY_A','');
INSERT INTO SCHEMA_INFO VALUES('RA','W_RTL_MKDN_DP_LC_DY_CUR_A','');
INSERT INTO SCHEMA_INFO VALUES('RA','W_RTL_MKDN_SC_DY_A','');
INSERT INTO SCHEMA_INFO VALUES('RA','W_RTL_MKDN_SC_DY_CUR_A','');
INSERT INTO SCHEMA_INFO VALUES('RA','W_RTL_MKDN_SC_LC_DY_A','');
INSERT INTO SCHEMA_INFO VALUES('RA','W_RTL_MKDN_SC_LC_DY_CUR_A','');
INSERT INTO SCHEMA_INFO VALUES('RA','W_RTL_NPROF_CL_LC_DY_A','');
INSERT INTO SCHEMA_INFO VALUES('RA','W_RTL_NPROF_DP_LC_DY_A','');
INSERT INTO SCHEMA_INFO VALUES('RA','W_RTL_NPROF_SC_DY_A','');
INSERT INTO SCHEMA_INFO VALUES('RA','W_RTL_NPROF_SC_LC_DY_A','');
INSERT INTO SCHEMA_INFO VALUES('RA','W_RTL_SUPPCM_IT_LC_DY_F','');
INSERT INTO SCHEMA_INFO VALUES('RA','W_RTL_SUPPCMUF_LC_DY_F','');
INSERT INTO SCHEMA_INFO VALUES('RA','W_RTL_SUPP_IVC_PO_IT_F','');
INSERT INTO SCHEMA_INFO VALUES('RA','W_RTL_BCOST_IT_DY_A','');
INSERT INTO SCHEMA_INFO VALUES('RA','W_RTL_INVRC_IT_DY_A','');
INSERT INTO SCHEMA_INFO VALUES('RA','W_RTL_MKDN_IT_DY_A','');
INSERT INTO SCHEMA_INFO VALUES('RA','W_RTL_MKDN_IT_DY_SN_A','');
INSERT INTO SCHEMA_INFO VALUES('RA','W_RTL_MKDN_IT_LC_DY_SN_A','');
INSERT INTO SCHEMA_INFO VALUES('RA','W_RTL_NCOST_IT_DY_A','');
INSERT INTO SCHEMA_INFO VALUES('RA','W_RTL_NPROF_IT_DY_A','');
INSERT INTO SCHEMA_INFO VALUES('RA','W_RTL_NPROF_IT_LC_DY_F','');
INSERT INTO SCHEMA_INFO VALUES('RA','W_RTL_PRICE_IT_DY_A','');
INSERT INTO SCHEMA_INFO VALUES('RA','W_RTL_SLS_IT_DY_SN_A','');
INSERT INTO SCHEMA_INFO VALUES('RA','W_RTL_SLS_IT_LC_DY_SN_A','');
INSERT INTO SCHEMA_INFO VALUES('RA','W_RTL_SLSPK_IT_DY_A','');
INSERT INTO SCHEMA_INFO VALUES('RA','W_RTL_SLSPK_IT_DY_SN_A','');
INSERT INTO SCHEMA_INFO VALUES('RA','W_RTL_SLSPK_IT_LC_DY_SN_A','');
INSERT INTO SCHEMA_INFO VALUES('RA','W_RTL_SLSWF_IT_DY_A','');
INSERT INTO SCHEMA_INFO VALUES('RA','W_RTL_SLSWF_IT_LC_DY_F','');
INSERT INTO SCHEMA_INFO VALUES('RA','W_RTL_SLSWF_SC_LC_DY_A','');
INSERT INTO SCHEMA_INFO VALUES('RA','W_RTL_SLSWF_SC_LC_DY_CUR_A','');
INSERT INTO SCHEMA_INFO VALUES('RA','W_RTL_INVRC_CL_LC_WK_A','');
INSERT INTO SCHEMA_INFO VALUES('RA','W_RTL_INVRC_CL_WK_A','');
INSERT INTO SCHEMA_INFO VALUES('RA','W_RTL_INVRC_DP_LC_WK_A','');
INSERT INTO SCHEMA_INFO VALUES('RA','W_RTL_INVRC_DP_WK_A','');
INSERT INTO SCHEMA_INFO VALUES('RA','W_RTL_INVRC_SC_LC_WK_A','');
INSERT INTO SCHEMA_INFO VALUES('RA','W_RTL_INVRC_SC_LC_WK_CUR_A','');
INSERT INTO SCHEMA_INFO VALUES('RA','W_RTL_INVRC_SC_WK_A','');
INSERT INTO SCHEMA_INFO VALUES('RA','W_RTL_INVRC_SC_WK_CUR_A','');
INSERT INTO SCHEMA_INFO VALUES('RA','W_RTL_MKDN_CL_LC_WK_A','');
INSERT INTO SCHEMA_INFO VALUES('RA','W_RTL_MKDN_CL_LC_WK_CUR_A','');
INSERT INTO SCHEMA_INFO VALUES('RA','W_RTL_MKDN_IT_LC_WK_A','');
INSERT INTO SCHEMA_INFO VALUES('RA','W_RTL_MKDN_IT_LC_WK_SN_A','');
INSERT INTO SCHEMA_INFO VALUES('RA','W_RTL_MKDN_SC_LC_WK_CUR_A','');
INSERT INTO SCHEMA_INFO VALUES('RA','W_RTL_MKDN_SC_WK_A','');
INSERT INTO SCHEMA_INFO VALUES('RA','W_RTL_NPROF_CL_LC_WK_A','');
INSERT INTO SCHEMA_INFO VALUES('RA','W_RTL_NPROF_DP_LC_WK_A','');
INSERT INTO SCHEMA_INFO VALUES('RA','W_RTL_NPROF_SC_WK_A','');
INSERT INTO SCHEMA_INFO VALUES('RA','W_RTL_SLSWF_SC_LC_WK_A','');
INSERT INTO SCHEMA_INFO VALUES('RA','W_RTL_SLSWF_SC_LC_WK_CUR_A','');
INSERT INTO SCHEMA_INFO VALUES('RA','W_RTL_STCKLDGR_SC_LC_WK_F','');
INSERT INTO SCHEMA_INFO VALUES('RA','W_RTL_SUPPCMUF_LC_WK_A','');
INSERT INTO SCHEMA_INFO VALUES('RA','W_RTL_INVRC_IT_LC_WK_A','');
INSERT INTO SCHEMA_INFO VALUES('RA','W_RTL_INVRC_IT_LC_WK_SN_A','');
INSERT INTO SCHEMA_INFO VALUES('RA','W_RTL_INVRC_IT_WK_A','');
INSERT INTO SCHEMA_INFO VALUES('RA','W_RTL_INVRC_IT_WK_SN_A','');
INSERT INTO SCHEMA_INFO VALUES('RA','W_RTL_MKDN_DP_LC_WK_A','');
INSERT INTO SCHEMA_INFO VALUES('RA','W_RTL_MKDN_DP_LC_WK_CUR_A','');
INSERT INTO SCHEMA_INFO VALUES('RA','W_RTL_MKDN_IT_WK_A','');
INSERT INTO SCHEMA_INFO VALUES('RA','W_RTL_MKDN_IT_WK_SN_A','');
INSERT INTO SCHEMA_INFO VALUES('RA','W_RTL_MKDN_SC_LC_WK_A','');
INSERT INTO SCHEMA_INFO VALUES('RA','W_RTL_MKDN_SC_WK_CUR_A','');
INSERT INTO SCHEMA_INFO VALUES('RA','W_RTL_NPROF_IT_WK_A','');
INSERT INTO SCHEMA_INFO VALUES('RA','W_RTL_NPROF_SC_LC_WK_A','');
INSERT INTO SCHEMA_INFO VALUES('RA','W_RTL_SLS_IT_LC_WK_SN_A','');
INSERT INTO SCHEMA_INFO VALUES('RA','W_RTL_SLS_IT_WK_SN_A','');
INSERT INTO SCHEMA_INFO VALUES('RA','W_RTL_SLSPK_IT_LC_WK_A','');
INSERT INTO SCHEMA_INFO VALUES('RA','W_RTL_SLSPK_IT_LC_WK_SN_A','');
INSERT INTO SCHEMA_INFO VALUES('RA','W_RTL_SLSPK_IT_WK_A','');
INSERT INTO SCHEMA_INFO VALUES('RA','W_RTL_SLSPK_IT_WK_SN_A','');
INSERT INTO SCHEMA_INFO VALUES('RA','W_RTL_SLSWF_IT_WK_A','');
INSERT INTO SCHEMA_INFO VALUES('RA','W_RTL_SUPPCM_IT_LC_WK_A','');
INSERT INTO SCHEMA_INFO VALUES('RA','W_RTL_INVRC_IT_DY_SN_A','');
INSERT INTO SCHEMA_INFO VALUES('RA','W_RTL_MKDN_DP_WK_CUR_A','');
INSERT INTO SCHEMA_INFO VALUES('RA','W_RTL_SLSPR_BL_PC_IT_LC_WK_A','');
INSERT INTO SCHEMA_INFO VALUES('RA','W_RTL_SLSPR_PC_HH_WK_A','');
INSERT INTO SCHEMA_INFO VALUES('RA','W_RTL_SLSPRFC_PC_CS_WK_F','');
INSERT INTO SCHEMA_INFO VALUES('RA','W_RTL_MKDN_CL_WK_CUR_A','');
INSERT INTO SCHEMA_INFO VALUES('RA','W_RTL_ITEM_GRP1_DS','');
INSERT INTO SCHEMA_INFO VALUES('RA','W_RTL_ITEM_GRP2_DS','');
INSERT INTO SCHEMA_INFO VALUES('RA','W_RTL_MB_SLS_CL_WK_A','');
INSERT INTO SCHEMA_INFO VALUES('RA','W_RTL_MB_SLS_DP_WK_A','');
INSERT INTO SCHEMA_INFO VALUES('RA','W_RTL_MB_SLS_SC_WK_A','');
INSERT INTO SCHEMA_INFO VALUES('RA','W_RTL_MB_SLS_SC_WK_SUP_A','');
INSERT INTO SCHEMA_INFO VALUES('RA','W_RTL_MB_SLSPR_CUST_SC_WK_A','');
INSERT INTO SCHEMA_INFO VALUES('RA','W_RTL_MB_SLSPR_SC_WK_A','');
INSERT INTO SCHEMA_INFO VALUES('RA','W_RTL_MB_SLSPR_SC_WK_SUP_A','');
INSERT INTO SCHEMA_INFO VALUES('RA','W_RTL_ITEM_GRP1_D','');
INSERT INTO SCHEMA_INFO VALUES('RA','W_RTL_ITEM_GRP2_D','');
INSERT INTO SCHEMA_INFO VALUES('RA','W_RTL_INV_DP_LC_DY_A','');
INSERT INTO SCHEMA_INFO VALUES('RA','W_RTL_INV_SC_LC_DY_A','');
INSERT INTO SCHEMA_INFO VALUES('RA','W_RTL_INV_SC_DY_CUR_A','');
INSERT INTO SCHEMA_INFO VALUES('RA','W_RTL_INV_SC_DY_A','');
INSERT INTO SCHEMA_INFO VALUES('RA','W_RTL_INV_IT_DY_A','');
INSERT INTO SCHEMA_INFO VALUES('RA','W_RTL_INV_CL_LC_WK_A','');
INSERT INTO SCHEMA_INFO VALUES('RA','W_RTL_INV_IT_WK_A','');
INSERT INTO SCHEMA_INFO VALUES('RA','W_RTL_INV_CL_LC_DY_A','');
INSERT INTO SCHEMA_INFO VALUES('RA','W_RTL_SLS_LC_DY_A','');
INSERT INTO SCHEMA_INFO VALUES('RA','W_RTL_SLS_DP_LC_DY_A','');
INSERT INTO SCHEMA_INFO VALUES('RA','W_RTL_SLS_SC_DY_A','');
INSERT INTO SCHEMA_INFO VALUES('RA','W_RTL_SLS_IT_DY_A','');
INSERT INTO SCHEMA_INFO VALUES('RA','W_RTL_SLS_SC_WK_CUR_A','');
INSERT INTO SCHEMA_INFO VALUES('RA','W_RTL_SLS_SC_WK_A','');
INSERT INTO SCHEMA_INFO VALUES('RA','W_RTL_SLS_SC_LC_WK_CUR_A','');
INSERT INTO SCHEMA_INFO VALUES('RA','W_RTL_SLS_SC_LC_WK_A','');
INSERT INTO SCHEMA_INFO VALUES('RA','W_RTL_SLS_LC_WK_A','');
INSERT INTO SCHEMA_INFO VALUES('RA','W_RTL_SLS_DP_WK_CUR_A','');
INSERT INTO SCHEMA_INFO VALUES('RA','W_RTL_SLS_DP_LC_WK_CUR_A','');
INSERT INTO SCHEMA_INFO VALUES('RA','W_RTL_SLS_DP_LC_WK_A','');
INSERT INTO SCHEMA_INFO VALUES('RA','W_RTL_SLS_IT_WK_A','');
INSERT INTO SCHEMA_INFO VALUES('RA','W_RTL_SLS_IT_LC_WK_A','');
INSERT INTO SCHEMA_INFO VALUES('RA','W_RTL_SLS_CL_WK_CUR_A','');
INSERT INTO SCHEMA_INFO VALUES('RA','W_RTL_SLS_CL_LC_WK_CUR_A','');
INSERT INTO SCHEMA_INFO VALUES('RA','W_RTL_SLS_CL_LC_WK_A','');
INSERT INTO SCHEMA_INFO VALUES('RA','W_RTL_INVRC_IT_LC_DY_F','');
INSERT INTO SCHEMA_INFO VALUES('RA','W_RTL_MKDN_IT_LC_DY_F','');
INSERT INTO SCHEMA_INFO VALUES('RA','W_RTL_SLS_CL_DY_CUR_A','');
INSERT INTO SCHEMA_INFO VALUES('RA','W_RTL_SLS_CL_LC_DY_A','');
INSERT INTO SCHEMA_INFO VALUES('RA','W_RTL_SLS_CL_LC_DY_CUR_A','');
INSERT INTO SCHEMA_INFO VALUES('RA','W_RTL_SLS_CS_IT_LC_DY_A','');
INSERT INTO SCHEMA_INFO VALUES('RA','W_RTL_SLS_CUST_LC_DY_A','');
INSERT INTO SCHEMA_INFO VALUES('RA','W_RTL_SLS_DP_DY_CUR_A','');
INSERT INTO SCHEMA_INFO VALUES('RA','W_RTL_SLS_DP_LC_DY_CUR_A','');
INSERT INTO SCHEMA_INFO VALUES('RA','W_RTL_SLSPK_IT_LC_DY_F','');
INSERT INTO SCHEMA_INFO VALUES('RA','W_RTL_SLSPRFC_PC_CS_DY_F','');
INSERT INTO SCHEMA_INFO VALUES('RA','W_RTL_SLSPR_IT_LC_DY_F','');
INSERT INTO SCHEMA_INFO VALUES('RA','W_RTL_SLSPR_PC_CS_IT_LC_DY_A','');
INSERT INTO SCHEMA_INFO VALUES('RA','W_RTL_SLSPR_PC_CUST_LC_DY_A','');
INSERT INTO SCHEMA_INFO VALUES('RA','W_RTL_SLSPR_PC_IT_LC_DY_A','');
INSERT INTO SCHEMA_INFO VALUES('RA','W_RTL_SLSPR_PE_CS_IT_LC_DY_A','');
INSERT INTO SCHEMA_INFO VALUES('RA','W_RTL_SLSPR_PE_CUST_LC_DY_A','');
INSERT INTO SCHEMA_INFO VALUES('RA','W_RTL_SLSPR_PP_CS_IT_LC_DY_A','');
INSERT INTO SCHEMA_INFO VALUES('RA','W_RTL_SLSPR_PP_CUST_LC_DY_A','');
INSERT INTO SCHEMA_INFO VALUES('RA','W_RTL_SLSPR_PP_IT_LC_DY_A','');
INSERT INTO SCHEMA_INFO VALUES('RA','W_RTL_SLSPR_TRX_IT_LC_DY_F','');
INSERT INTO SCHEMA_INFO VALUES('RA','W_RTL_SLS_SC_DY_CUR_A','');
INSERT INTO SCHEMA_INFO VALUES('RA','W_RTL_SLS_SC_LC_DY_A','');
INSERT INTO SCHEMA_INFO VALUES('RA','W_RTL_SLS_SC_LC_DY_CUR_A','');
INSERT INTO SCHEMA_INFO VALUES('RA','W_RTL_SLS_TRX_IT_LC_DY_F','');
INSERT INTO SCHEMA_INFO VALUES('RA','W_RTL_INV_CL_WK_CUR_A','');
INSERT INTO SCHEMA_INFO VALUES('RA','W_RTL_INV_DP_LC_WK_A','');
INSERT INTO SCHEMA_INFO VALUES('RA','W_RTL_INV_DP_WK_CUR_A','');
INSERT INTO SCHEMA_INFO VALUES('RA','W_RTL_INV_SC_LC_WK_A','');
INSERT INTO SCHEMA_INFO VALUES('RA','W_RTL_INV_SC_WK_CUR_A','');
INSERT INTO SCHEMA_INFO VALUES('RA','INT_W_RTL_NCOST_IT_LC_DY_F','');
INSERT INTO SCHEMA_INFO VALUES('RA','TMP_W_RTL_PRICE_IT_LC_DY_F','');
INSERT INTO SCHEMA_INFO VALUES('RA','W_RTL_INV_SC_WK_A','');
INSERT INTO SCHEMA_INFO VALUES('RA','INT_W_RTL_INV_IT_LC_WK_A','');
INSERT INTO SCHEMA_INFO VALUES('RA','W_RTL_SLS_IT_LC_DY_A','');
INSERT INTO SCHEMA_INFO VALUES('RA','W_RTL_SLSPR_PE_IT_LC_DY_A','');
INSERT INTO SCHEMA_INFO VALUES('RA','M_POLOC_RC_H_FS','');
INSERT INTO SCHEMA_INFO VALUES('RA','M_POLOC_F','');
INSERT INTO SCHEMA_INFO VALUES('RA','M_IVC_DEBIT_F','');
INSERT INTO SCHEMA_INFO VALUES('RA','M_POHEAD_F','');
INSERT INTO SCHEMA_INFO VALUES('RA','M_DEALS_DTL_F','');
INSERT INTO SCHEMA_INFO VALUES('RA','M_INVRTV_IT_LC_DY_F','');
INSERT INTO SCHEMA_INFO VALUES('RA','M_IVC_REM_ADV_F','');
INSERT INTO SCHEMA_INFO VALUES('RA','M_IVC_STL_RTV_F','');
INSERT INTO SCHEMA_INFO VALUES('RA','M_INVRC_IT_LC_SP_DY_F','');
INSERT INTO SCHEMA_INFO VALUES('RA','M_INVADJ_IT_LC_DY_F','');
INSERT INTO SCHEMA_INFO VALUES('RA','M_DEALS_F','');
INSERT INTO SCHEMA_INFO VALUES('RA','M_INVTSF_IT_LC_DY_F','');
INSERT INTO SCHEMA_INFO VALUES('RA','M_PUR_SUPP_IT_LC_PP_A','');
INSERT INTO SCHEMA_INFO VALUES('RA','M_STKAGING_NBS_MTH_F','');
INSERT INTO SCHEMA_INFO VALUES('RA','M_PLANNED_PR_PRICE_F','');
INSERT INTO SCHEMA_INFO VALUES('RA','W_RTL_SLS_TRX_IT_LC_DY_FS','');
INSERT INTO SCHEMA_INFO VALUES('RA','W_RTL_INV_IT_LC_DY_FS','');
INSERT INTO SCHEMA_INFO VALUES('RA','W_RTL_INVRC_IT_LC_DY_FS','');
INSERT INTO SCHEMA_INFO VALUES('RA','M_PRFC_PC_IT_LC_F','');
INSERT INTO SCHEMA_INFO VALUES('RA','W_RTL_INV_IT_LC_WK_A','');
INSERT INTO SCHEMA_INFO VALUES('RA','INT_W_RTL_BCOST_IT_LC_DY_F','');
INSERT INTO SCHEMA_INFO VALUES('RA','INT_W_RTL_PRICE_IT_LC_DY_F','');
INSERT INTO SCHEMA_INFO VALUES('RA','INT_W_RTL_INV_IT_LC_DY_F','');
INSERT INTO SCHEMA_INFO VALUES('RA','W_RTL_BCOST_IT_LC_DY_F','');
INSERT INTO SCHEMA_INFO VALUES('RA','W_RTL_NCOST_IT_LC_DY_F','');
INSERT INTO SCHEMA_INFO VALUES('RA','W_RTL_PRICE_IT_LC_DY_F','');
INSERT INTO SCHEMA_INFO VALUES('RA','W_RTL_INV_IT_LC_DY_F','');
INSERT INTO SCHEMA_INFO VALUES('RA','M_BUD_CL_BU_LC_CT_DY_F','');
INSERT INTO SCHEMA_INFO VALUES('RA','M_RTL_SLS_DP_LC_CT_DY_A_2','');
INSERT INTO SCHEMA_INFO VALUES('RA','M_RTL_SLSPR_PP_IT_LC_DY_A','');
INSERT INTO SCHEMA_INFO VALUES('RA','M_RTL_SLSPR_PP_CUST_LC_DY_A','');
INSERT INTO SCHEMA_INFO VALUES('RA','M_RTL_SLSPR_PE_CUST_LC_DY_A','');
INSERT INTO SCHEMA_INFO VALUES('RA','M_RTL_SLSPR_PE_IT_LC_DY_A','');
INSERT INTO SCHEMA_INFO VALUES('RA','M_RTL_SLS_DV_FRFS_LC_CT_DY_A','');
INSERT INTO SCHEMA_INFO VALUES('RA','M_BUD_DP_FRFS_LC_CT_DY_A','');
INSERT INTO SCHEMA_INFO VALUES('RA','M_BUD_DP_FRFS_LC_DY_A','');
INSERT INTO SCHEMA_INFO VALUES('RA','M_RTL_SLS_DP_FRFS_LC_DY_CUR_A','');
INSERT INTO SCHEMA_INFO VALUES('RA','M_RTL_SLS_FRFS_DP_LC_CT_DY_A','');
INSERT INTO SCHEMA_INFO VALUES('RA','M_PROMO_SLS_IT_LC_A','');
INSERT INTO SCHEMA_INFO VALUES('RA','M_RTL_AGG_SLS_DV_LC_CT_MTH_A_2','');
INSERT INTO SCHEMA_INFO VALUES('RA','M_RTL_AGG_SLS_CL_LC_CT_MTH_A_2','');
INSERT INTO SCHEMA_INFO VALUES('RA','M_RTL_AGG_SLS_CL_LC_CT_DY_A_2','');
INSERT INTO SCHEMA_INFO VALUES('RA','M_RTL_AGG_SLS_CL_LC_DY_A_2','');
INSERT INTO SCHEMA_INFO VALUES('RA','M_INV_BU_SUP_DP_LC_DY_A','');
INSERT INTO SCHEMA_INFO VALUES('RA','M_COMP_PRICE_F','');
INSERT INTO SCHEMA_INFO VALUES('RA','M_RTL_SLS_DV_LC_CT_DY_ASIS_A_2','');
INSERT INTO SCHEMA_INFO VALUES('RA','M_RTL_SLS_DP_LC_CT_DY_ASIS_A_2','');
INSERT INTO SCHEMA_INFO VALUES('RA','M_RTL_SLS_IT_LC_CT_DY_ASIS_A_2','');
INSERT INTO SCHEMA_INFO VALUES('RA','M_ATTR_IT_LC_DY_F','');
INSERT INTO SCHEMA_INFO VALUES('RA','M_PARTY_PER_DS','');
INSERT INTO SCHEMA_INFO VALUES('RA','M_DATA_LVL_SECURITY_TBL','');
INSERT INTO SCHEMA_INFO VALUES('RA','M_PARTY_PER_D','');
INSERT INTO SCHEMA_INFO VALUES('RA','W_RTL_LOY_SCORE_BAND_D','');
INSERT INTO SCHEMA_INFO VALUES('RA','W_RTL_PROMO_COMP_TYPE_D','');
INSERT INTO SCHEMA_INFO VALUES('RA','W_RTL_PRODUCT_BRAND_D','');
INSERT INTO SCHEMA_INFO VALUES('RA','W_RTL_SLSPRFC_PC_CS_DY_FS','');
INSERT INTO SCHEMA_INFO VALUES('RA','M_PARTY_PER_DH','');
INSERT INTO SCHEMA_INFO VALUES('RA','M_STKAGING_NBS_FS','');
INSERT INTO SCHEMA_INFO VALUES('RA','M_INVRTV_IT_LC_MH_A_1','');
INSERT INTO SCHEMA_INFO VALUES('RA','M_RTL_INVRC_IT_LC_MH_A_1','');
INSERT INTO SCHEMA_INFO VALUES('RA','M_RTL_SLS_IT_LC_MH_A_1','');
INSERT INTO SCHEMA_INFO VALUES('RA','M_RTL_SLSPR_PC_IT_LC_MH_A_1','');
INSERT INTO SCHEMA_INFO VALUES('RA','M_RTL_SLSPK_IT_LC_MH_A_1','');
INSERT INTO SCHEMA_INFO VALUES('RA','ITEM_LOCSOHUPDATED','');
INSERT INTO SCHEMA_INFO VALUES('RA','PO_GOR_NUM','');
INSERT INTO SCHEMA_INFO VALUES('RA','UPDATE_REMITANCE','');
INSERT INTO SCHEMA_INFO VALUES('RA','IMDOCHEAD_DOC_ID','');
INSERT INTO SCHEMA_INFO VALUES('RA','M_BUYER_MERH_HIER_AUDIT','');
INSERT INTO SCHEMA_INFO VALUES('RA','KPI_TABLE_LFL_PREV_MTH_TOT','');
INSERT INTO SCHEMA_INFO VALUES('RA','M_INVRC_IT_LC_SP_MH_A_1','');
INSERT INTO SCHEMA_INFO VALUES('RA','M_RTL_SLS_CUST_LC_MH_A_1','');
INSERT INTO SCHEMA_INFO VALUES('RA','M_RTL_SLS_CT_LC_MH_A_1','');
INSERT INTO SCHEMA_INFO VALUES('RA','M_RTL_SLS_CT_LC_DY_A_1','');
INSERT INTO SCHEMA_INFO VALUES('RA','M_RTL_SLS_IT_LC_CT_DY_A_1','');
INSERT INTO SCHEMA_INFO VALUES('RA','M_RTL_SLS_DV_LC_CT_DY_A_1','');
INSERT INTO SCHEMA_INFO VALUES('RA','PH_VH','');
INSERT INTO SCHEMA_INFO VALUES('RA','CUST_TX_TEMP','');
INSERT INTO SCHEMA_INFO VALUES('RA','LY_MTD_SALES_ORG_CL_TOT_TMP','');
INSERT INTO SCHEMA_INFO VALUES('RA','LY_BUDGET_ORG_CL_TOT_TMP','');
INSERT INTO SCHEMA_INFO VALUES('RA','LY_MTD_BUDGET_ORG_CL_TOT_TMP','');
INSERT INTO SCHEMA_INFO VALUES('RA','LY_SALES_ORG_CL_TOT_TMP','');
INSERT INTO SCHEMA_INFO VALUES('RA','TY_MTD_BUDGET_ORG_CL_TOT_TMP','');
INSERT INTO SCHEMA_INFO VALUES('RA','TY_MTD_SALES_ORG_CL_TOT_TMP','');
INSERT INTO SCHEMA_INFO VALUES('RA','TY_BUDGET_ORG_CL_TOT_TMP','');
INSERT INTO SCHEMA_INFO VALUES('RA','TY_SALES_ORG_CL_TOT_TMP','');
INSERT INTO SCHEMA_INFO VALUES('RA','TY_MTD_SALES_TOT_TMP','');
INSERT INTO SCHEMA_INFO VALUES('RA','TY_MTD_BUDGET_TOT_TMP','');
INSERT INTO SCHEMA_INFO VALUES('RA','LY_MTD_SALES_TOT_TMP','');
INSERT INTO SCHEMA_INFO VALUES('RA','TY_BUDGET_ORG_TOT_MTH_TMP','');
INSERT INTO SCHEMA_INFO VALUES('RA','CUSTOMER_UDPATEFRMSIEBEL','');
INSERT INTO SCHEMA_INFO VALUES('RA','M_OTHER_INCOME1','');
INSERT INTO SCHEMA_INFO VALUES('RA','CUST_OWN','');
INSERT INTO SCHEMA_INFO VALUES('RA','M_RTL_SLSPK_IT_LC_DY_F','');
INSERT INTO SCHEMA_INFO VALUES('RA','RA_TRAN_DATA_HISTORY','');
INSERT INTO SCHEMA_INFO VALUES('RA','KPI_TABLE1_ALL_CL_TOT','');
INSERT INTO SCHEMA_INFO VALUES('RA','KPI_TABLE1_LFL_TOT','');
INSERT INTO SCHEMA_INFO VALUES('RA','KPI_TABLE1_LFL_DIV_TOT','');
INSERT INTO SCHEMA_INFO VALUES('RA','KPI_TABLE1_ALL_DIV_MTH_TOT','');
INSERT INTO SCHEMA_INFO VALUES('RA','KPI_TABLE1_ALL_MTH_TOT','');
INSERT INTO SCHEMA_INFO VALUES('RA','KPI_TABLE1_ORG_CL_TOT','');
INSERT INTO SCHEMA_INFO VALUES('RA','KPI_TABLE1_ALL_DIV_TOT','');
INSERT INTO SCHEMA_INFO VALUES('RA','KPI_TABLE1_ORG_DIV_MTH_TOT','');
INSERT INTO SCHEMA_INFO VALUES('RA','KPI_TABLE1_ORG_DIV_TOT','');
INSERT INTO SCHEMA_INFO VALUES('RA','KPI_TABLE1_ALL_TOT','');
INSERT INTO SCHEMA_INFO VALUES('RA','KPI_TABLE1_ORG_MTH_TOT','');
INSERT INTO SCHEMA_INFO VALUES('RA','KPI_TABLE1_LFL_CL_TOT','');
INSERT INTO SCHEMA_INFO VALUES('RA','KPI_TABLE1_LFL_DIV_MTH_TOT','');
INSERT INTO SCHEMA_INFO VALUES('RA','KPI_TABLE1_LFL_MTH_TOT','');
INSERT INTO SCHEMA_INFO VALUES('RA','KPI_TABLE1_ORG_TOT','');
INSERT INTO SCHEMA_INFO VALUES('RA','M_PROMO_PC_IT_LC_A','');
INSERT INTO SCHEMA_INFO VALUES('RA','M_PROMO_PP_IT_LC_A','');
INSERT INTO SCHEMA_INFO VALUES('RA','M_PROMO_SLS_PE_DV_A','');
INSERT INTO SCHEMA_INFO VALUES('RA','M_BUD_DP_LC_DY_A','');
INSERT INTO SCHEMA_INFO VALUES('RA','M_RTL_SLS_DP_LC_CT_DY_A_1','');
INSERT INTO SCHEMA_INFO VALUES('RA','M_CUST_SLS_TRX_COUNT','');
INSERT INTO SCHEMA_INFO VALUES('RA','M_KVI_SLS_CMG_LC_DY_A','');
INSERT INTO SCHEMA_INFO VALUES('RA','M_KVI_WEEK_D','');
INSERT INTO SCHEMA_INFO VALUES('RA','M_RTL_PROD_ASSORTMENT_D','');
INSERT INTO SCHEMA_INFO VALUES('RA','M_BUD_DP_LC_CT_DY_A','');
INSERT INTO SCHEMA_INFO VALUES('RA','M_KVI_SLS_DV_BU_CMG_LC_DY_A','');
INSERT INTO SCHEMA_INFO VALUES('RA','M_RTL_DMS_IT_LC_G','');
INSERT INTO SCHEMA_INFO VALUES('RA','M_RTL_DMS_IT_LC_F','');
INSERT INTO SCHEMA_INFO VALUES('RA','M_KVI_SLS_CMG_LC_WK_A','');
INSERT INTO SCHEMA_INFO VALUES('RA','M_KVI_OB_SLS_DV_LC_DY_A','');
INSERT INTO SCHEMA_INFO VALUES('RA','M_KVI_SLS_IT_LC_CMG_WK_A','');
INSERT INTO SCHEMA_INFO VALUES('RA','KPI_TABLE_LFL_MTH_TOT_TEST_2','');
INSERT INTO SCHEMA_INFO VALUES('RA','M_PROMO_SLS_PE_IT_A','');
INSERT INTO SCHEMA_INFO VALUES('RA','M_SLS_BU_SUP_DP_LC_DY_A','');
INSERT INTO SCHEMA_INFO VALUES('RA','M_KVI_SLS_DV_BU_CMG_LC_WK_A','');
INSERT INTO SCHEMA_INFO VALUES('RA','M_KVI_OB_SLS_SC_LC_DY_A','');
INSERT INTO SCHEMA_INFO VALUES('RA','M_KVI_OB_SLS_IT_LC_DY_A','');
INSERT INTO SCHEMA_INFO VALUES('RA','M_KVI_OB_SLS_CL_LC_DY_A','');
INSERT INTO SCHEMA_INFO VALUES('RA','W_RTL_SLSPR_TRX_IT_LC_DY_FIX','');
INSERT INTO SCHEMA_INFO VALUES('RA','M_RTL_AGG_SLS_DV_LC_CT_MTH_A_1','');
INSERT INTO SCHEMA_INFO VALUES('RA','M_RTL_AGG_SLS_CL_LC_CT_MTH_A_1','');
INSERT INTO SCHEMA_INFO VALUES('RA','M_RTL_AGG_SLS_CL_LC_CT_DY_A_1','');
INSERT INTO SCHEMA_INFO VALUES('RA','M_RTL_AGG_SLS_CL_LC_DY_A_1','');
INSERT INTO SCHEMA_INFO VALUES('RA','M_DEAL_IT_LC_MTH_A','');
INSERT INTO SCHEMA_INFO VALUES('RA','M_DEAL_DP_LC_MTH_A','');
INSERT INTO SCHEMA_INFO VALUES('RA','M_RTL_PROMO_DESC','');
INSERT INTO SCHEMA_INFO VALUES('RA','M_KVI_IT_LC_COMP_PRICE_A','');
INSERT INTO SCHEMA_INFO VALUES('RA','M_DEAL_LC_MTH_A','');
INSERT INTO SCHEMA_INFO VALUES('RA','M_RTL_CL_FRFS_D','');
INSERT INTO SCHEMA_INFO VALUES('RA','M_KVI_SLS_CL_BU_CMG_LC_DY_A','');
INSERT INTO SCHEMA_INFO VALUES('RA','M_KVI_SLS_CL_BU_CMG_LC_WK_A','');
INSERT INTO SCHEMA_INFO VALUES('RA','M_SLS_BU_SUP_CL_LC_DY_A','');
INSERT INTO SCHEMA_INFO VALUES('RA','M_PROMO_SLS_PE_DV_LC_A','');
INSERT INTO SCHEMA_INFO VALUES('RA','M_STORE_ITEM_PRICE_F','');
INSERT INTO SCHEMA_INFO VALUES('RA','M_INV_BU_SUP_CL_LC_DY_A','');
INSERT INTO SCHEMA_INFO VALUES('RA','M_RTL_SC_ATTR_D','');
INSERT INTO SCHEMA_INFO VALUES('RA','M_RTL_CL_ATTR_D','');
INSERT INTO SCHEMA_INFO VALUES('RA','KPI_TABLE_ALL_MTH_TOT','');
INSERT INTO SCHEMA_INFO VALUES('RA','KPI_TABLE_LFL_DIV_TOT','');
INSERT INTO SCHEMA_INFO VALUES('RA','KPI_TABLE_ORG_CL_TOT','');
INSERT INTO SCHEMA_INFO VALUES('RA','KPI_TABLE_ORG_DIV_TOT','');
INSERT INTO SCHEMA_INFO VALUES('RA','KPI_TABLE_ORG_MTH_TOT','');
INSERT INTO SCHEMA_INFO VALUES('RA','KPI_TABLE_LFL_TOT','');
INSERT INTO SCHEMA_INFO VALUES('RA','KPI_TABLE_ORG_TOT','');
INSERT INTO SCHEMA_INFO VALUES('RA','KPI_TABLE_ALL_CL_TOT','');
INSERT INTO SCHEMA_INFO VALUES('RA','KPI_TABLE_ALL_DIV_MTH_TOT','');
INSERT INTO SCHEMA_INFO VALUES('RA','KPI_TABLE_ALL_TOT','');
INSERT INTO SCHEMA_INFO VALUES('RA','KPI_TABLE_LFL_DIV_MTH_TOT','');
INSERT INTO SCHEMA_INFO VALUES('RA','KPI_TABLE_ORG_DIV_MTH_TOT','');
INSERT INTO SCHEMA_INFO VALUES('RA','KPI_TABLE_ALL_DIV_TOT','');
INSERT INTO SCHEMA_INFO VALUES('RA','M_RTL_MKDN_SLS_IT_LC_DY_A','');
INSERT INTO SCHEMA_INFO VALUES('RA','TAX_TERMS_NEW','');
INSERT INTO SCHEMA_INFO VALUES('RA','M_DEAL_BATYPE_IT_LC_MTH_A','');
INSERT INTO SCHEMA_INFO VALUES('RA','KPI_TABLE_LFL_MTH_TOT','');
INSERT INTO SCHEMA_INFO VALUES('RA','M_DEAL_BUD_BU_BATYPE_LC_MTH_A','');
INSERT INTO SCHEMA_INFO VALUES('RA','W_PARTY_ATTR_D_NEW','');
INSERT INTO SCHEMA_INFO VALUES('RA','KPI_TABLE_LFL_CL_TOT','');
INSERT INTO SCHEMA_INFO VALUES('RA','CKPI_TABLE_ALL_CL_TOT','');
INSERT INTO SCHEMA_INFO VALUES('RA','CKPI_TABLE_ALL_DIV_MTH_TOT','');
INSERT INTO SCHEMA_INFO VALUES('RA','CKPI_TABLE_ALL_DIV_TOT','');
INSERT INTO SCHEMA_INFO VALUES('RA','CKPI_TABLE_ALL_MTH_TOT','');
INSERT INTO SCHEMA_INFO VALUES('RA','CKPI_TABLE_ALL_TOT','');
INSERT INTO SCHEMA_INFO VALUES('RA','CKPI_TABLE_LFL_CL_TOT','');
INSERT INTO SCHEMA_INFO VALUES('RA','CKPI_TABLE_LFL_DIV_MTH_TOT','');
INSERT INTO SCHEMA_INFO VALUES('RA','CKPI_TABLE_LFL_DIV_TOT','');
INSERT INTO SCHEMA_INFO VALUES('RA','CKPI_TABLE_LFL_MTH_TOT','');
INSERT INTO SCHEMA_INFO VALUES('RA','CKPI_TABLE_ORG_DIV_TOT','');
INSERT INTO SCHEMA_INFO VALUES('RA','CKPI_TABLE_ORG_TOT','');
INSERT INTO SCHEMA_INFO VALUES('RA','CKPI_TABLE_ORG_MTH_TOT','');
INSERT INTO SCHEMA_INFO VALUES('RA','CKPI_TABLE_ORG_DIV_MTH_TOT','');
INSERT INTO SCHEMA_INFO VALUES('RA','CKPI_TABLE_LFL_TOT','');
INSERT INTO SCHEMA_INFO VALUES('RA','CKPI_CUSTOMER_GROUP_METRICS','');
INSERT INTO SCHEMA_INFO VALUES('RA','CKPI_CUSTOMER_GROUP_TOTAL','');
INSERT INTO SCHEMA_INFO VALUES('RA','CKPI_CUSTOMER_GROUP_METRIC_TMP','');
INSERT INTO SCHEMA_INFO VALUES('RA','CKPI_CUSTOMER_GROUP_TOTAL_TMP','');
INSERT INTO SCHEMA_INFO VALUES('RA','CKPI_CUSTOMER_GROUP_METRIC_NEW','');
INSERT INTO SCHEMA_INFO VALUES('RA','TABLE_ALL_CL_TOT','');
INSERT INTO SCHEMA_INFO VALUES('RA','TABLE_ALL_DIV_MTH_TOT','');
INSERT INTO SCHEMA_INFO VALUES('RA','TABLE_ALL_DIV_TOT','');
INSERT INTO SCHEMA_INFO VALUES('RA','TABLE_ALL_MTH_TOT','');
INSERT INTO SCHEMA_INFO VALUES('RA','TABLE_ALL_TOT','');
INSERT INTO SCHEMA_INFO VALUES('RA','TABLE_LFL_CL_TOT','');
INSERT INTO SCHEMA_INFO VALUES('RA','TABLE_LFL_DIV_MTH_TOT','');
INSERT INTO SCHEMA_INFO VALUES('RA','TABLE_LFL_DIV_TOT','');
INSERT INTO SCHEMA_INFO VALUES('RA','TABLE_LFL_TOT','');
INSERT INTO SCHEMA_INFO VALUES('RA','TABLE_ORG_DIV_TOT','');
INSERT INTO SCHEMA_INFO VALUES('RA','TABLE_ORG_TOT','');
INSERT INTO SCHEMA_INFO VALUES('RA','TABLE_ORG_MTH_TOT','');
INSERT INTO SCHEMA_INFO VALUES('RA','TABLE_ORG_DIV_MTH_TOT','');
INSERT INTO SCHEMA_INFO VALUES('RA','PI_CUSTOMER_GROUP_METRIC_TMP','');
INSERT INTO SCHEMA_INFO VALUES('RA','P_CUSTOMER_GROUP_METRIC_TMP','');
INSERT INTO SCHEMA_INFO VALUES('RA','M_RTL_CL_ATTR_D_NEW','');
INSERT INTO SCHEMA_INFO VALUES('RA','M_RTL_SLS_DP_LC_CT_DY_ASIS_A_1','');
INSERT INTO SCHEMA_INFO VALUES('RA','M_DEAL_BUD_BU_LC_MTH_A','');
INSERT INTO SCHEMA_INFO VALUES('RA','W_RTL_IT_SUPPLIER_SEC_D','');
INSERT INTO SCHEMA_INFO VALUES('RA','M_DEAL_BUD_BU_CL_LC_MTH_A','');
INSERT INTO SCHEMA_INFO VALUES('RA','M_DEAL_CL_LC_CT_MTH_A','');
INSERT INTO SCHEMA_INFO VALUES('RA','M_DEAL_IT_LC_CUST_MTH_A','');
INSERT INTO SCHEMA_INFO VALUES('RA','B2B_REFRESH_STATUS','');
INSERT INTO SCHEMA_INFO VALUES('RA','M_SUPPSER_PO_F_TEST','');
INSERT INTO SCHEMA_INFO VALUES('RA','M_BUD_CL_LC_DY_A','');
INSERT INTO SCHEMA_INFO VALUES('RA','TABLE_LFL_MTH_TOT','');
INSERT INTO SCHEMA_INFO VALUES('RA','M_RTL_SLS_DV_LC_CT_DY_ASIS_A_1','');
INSERT INTO SCHEMA_INFO VALUES('RA','M_RTL_PRODUCT_MV2','');
INSERT INTO SCHEMA_INFO VALUES('RA','B2B_REFRESH_STATUS_HIST','');
INSERT INTO SCHEMA_INFO VALUES('RA','M_RTL_SLSFC_IT_WK_A','');
INSERT INTO SCHEMA_INFO VALUES('RA','PI_TABLE_ALL_MTH_TOT','');
INSERT INTO SCHEMA_INFO VALUES('RA','PI_TABLE_LFL_CL_TOT','');
INSERT INTO SCHEMA_INFO VALUES('RA','PI_TABLE_LFL_TOT','');
INSERT INTO SCHEMA_INFO VALUES('RA','PI_TABLE_ORG_DIV_TOT','');
INSERT INTO SCHEMA_INFO VALUES('RA','PI_TABLE_ALL_CL_TOT','');
INSERT INTO SCHEMA_INFO VALUES('RA','PI_TABLE_LFL_DIV_TOT','');
INSERT INTO SCHEMA_INFO VALUES('RA','PI_TABLE_LFL_MTH_TOT','');
INSERT INTO SCHEMA_INFO VALUES('RA','PI_TABLE_ORG_MTH_TOT','');
INSERT INTO SCHEMA_INFO VALUES('RA','PI_TABLE_ORG_TOT','');
INSERT INTO SCHEMA_INFO VALUES('RA','PI_TABLE_ALL_DIV_MTH_TOT','');
INSERT INTO SCHEMA_INFO VALUES('RA','PI_TABLE_ALL_DIV_TOT','');
INSERT INTO SCHEMA_INFO VALUES('RA','PI_TABLE_ALL_TOT','');
INSERT INTO SCHEMA_INFO VALUES('RA','PI_TABLE_LFL_DIV_MTH_TOT','');
INSERT INTO SCHEMA_INFO VALUES('RA','PI_TABLE_ORG_DIV_MTH_TOT','');
INSERT INTO SCHEMA_INFO VALUES('RA','M_SUPP_PENALTY_FS','');
INSERT INTO SCHEMA_INFO VALUES('RA','M_SUPP_PENALTY_F','');
INSERT INTO SCHEMA_INFO VALUES('RA','M_BUD_DV_LC_CT_MTH_A','');
INSERT INTO SCHEMA_INFO VALUES('RA','RA_TRAN_DATA_HISTORY_14DY','');
INSERT INTO SCHEMA_INFO VALUES('RA','M_RTL_INV_IT_LC_14DY_FD','');
INSERT INTO SCHEMA_INFO VALUES('RA','W_RTL_MFPCPR_SC_CH_WK_F','');
INSERT INTO SCHEMA_INFO VALUES('RA','W_RTL_MFPOPC_SC_CH_WK_F','');
INSERT INTO SCHEMA_INFO VALUES('RA','W_RTL_MFPOPR_SC_CH_WK_F','');
INSERT INTO SCHEMA_INFO VALUES('RA','M_PLANNED_PR_PRICE_FS','');
INSERT INTO SCHEMA_INFO VALUES('RA','W_RTL_MFPCPC_SC_CH_WK_F','');
INSERT INTO SCHEMA_INFO VALUES('RA','W_RTL_SLSFC_IT_WK_SN_A','');
INSERT INTO SCHEMA_INFO VALUES('RA','W_RTL_SLSFC_SC_LC_WK_A','');
INSERT INTO SCHEMA_INFO VALUES('RA','W_RTL_LOY_CUST_LC_MH_F','');
INSERT INTO SCHEMA_INFO VALUES('RA','W_RTL_LOY_CUSTSEG_SC_LC_DY_F','');
INSERT INTO SCHEMA_INFO VALUES('RA','W_RTL_CUSTSEG_ALLOC_D','');
INSERT INTO SCHEMA_INFO VALUES('RA','W_RTL_DMO_SLS_SC_WK_G','');
INSERT INTO SCHEMA_INFO VALUES('RA','W_RTL_PRBDGT_IT_LC_F','');
INSERT INTO SCHEMA_INFO VALUES('RA','W_RTL_PRACT_IT_LC_DY_F','');
INSERT INTO SCHEMA_INFO VALUES('RA','W_RTL_INV_CL_DY_CUR_A','');
INSERT INTO SCHEMA_INFO VALUES('RA','W_RTL_SLSWF_IT_LC_WK_A','');
INSERT INTO SCHEMA_INFO VALUES('RA','W_RTL_NCOST_IT_LC_G','');
INSERT INTO SCHEMA_INFO VALUES('RA','W_RTL_NPROF_IT_LC_WK_A','');
INSERT INTO SCHEMA_INFO VALUES('RA','W_RTL_BCOST_IT_LC_G','');
INSERT INTO SCHEMA_INFO VALUES('RA','W_RTL_LOY_CUST_DP_LC_MH_F','');
INSERT INTO SCHEMA_INFO VALUES('RA','W_RTL_DMO_SLS_BL_PC_IT_LC_WK_G','');
INSERT INTO SCHEMA_INFO VALUES('RA','W_RTL_SLSFC_IT_WK_A','');
INSERT INTO SCHEMA_INFO VALUES('RA','W_RTL_INV_IT_LC_G','');
INSERT INTO SCHEMA_INFO VALUES('RA','W_RTL_INVRC_IT_LC_DY_SN_A','');
INSERT INTO SCHEMA_INFO VALUES('RA','W_RTL_SLSFC_SC_WK_CUR_A','');
INSERT INTO SCHEMA_INFO VALUES('RA','W_RTL_SLSFC_IT_LC_WK_SN_A','');
INSERT INTO SCHEMA_INFO VALUES('RA','W_RTL_DMO_SLSPR_SC_WK_G','');
INSERT INTO SCHEMA_INFO VALUES('RA','W_RTL_LOY_CUSTSEG_CL_LC_DY_F','');
INSERT INTO SCHEMA_INFO VALUES('RA','W_RTL_PRICE_IT_LC_G','');
INSERT INTO SCHEMA_INFO VALUES('RA','W_RTL_SLSFC_SC_LC_WK_CUR_A','');
INSERT INTO SCHEMA_INFO VALUES('RA','W_RTL_DMO_SLS_SC_WK_SUP_G','');
INSERT INTO SCHEMA_INFO VALUES('RA','W_RTL_DMO_SLSPR_CUST_SC_WK_G','');
INSERT INTO SCHEMA_INFO VALUES('RA','W_RTL_DMO_SLSPR_SC_WK_SUP_G','');
INSERT INTO SCHEMA_INFO VALUES('RA','W_RTL_STCKLDGR_SC_LC_MH_F','');
INSERT INTO SCHEMA_INFO VALUES('RA','W_RTL_MFPOPR_SC_CH_WK_FS','');
INSERT INTO SCHEMA_INFO VALUES('RA','W_RTL_MFPOPC_SC_CH_WK_FS','');
INSERT INTO SCHEMA_INFO VALUES('RA','W_RTL_DMS_CONFIG_G','');
INSERT INTO SCHEMA_INFO VALUES('RA','W_RTL_DMO_SLS_DP_WK_G','');
INSERT INTO SCHEMA_INFO VALUES('RA','W_RTL_SLSFC_SC_WK_A','');
INSERT INTO SCHEMA_INFO VALUES('RA','W_RTL_MFPCPC_SC_CH_WK_FS','');
INSERT INTO SCHEMA_INFO VALUES('RA','W_RTL_MFPCPR_SC_CH_WK_FS','');
INSERT INTO SCHEMA_INFO VALUES('RA','W_RTL_LOY_CUSTSEG_LC_DY_F','');
INSERT INTO SCHEMA_INFO VALUES('RA','W_RTL_LOY_CUST_CL_LC_MH_F','');
INSERT INTO SCHEMA_INFO VALUES('RA','W_RTL_SLSFC_IT_LC_DY_F','');
INSERT INTO SCHEMA_INFO VALUES('RA','W_RTL_SLSFC_IT_LC_WK_F','');
INSERT INTO SCHEMA_INFO VALUES('RA','W_RTL_DMO_SLS_CL_WK_G','');
INSERT INTO SCHEMA_INFO VALUES('RA','W_RTL_LOY_CUSTSEG_DP_LC_DY_F','');
INSERT INTO SCHEMA_INFO VALUES('RA','W_RTL_LOY_CUST_DP_LC_MH_FS','');
INSERT INTO SCHEMA_INFO VALUES('RA','W_RTL_LOY_CUSTSEG_CL_LC_WK_FS','');
INSERT INTO SCHEMA_INFO VALUES('RA','W_RTL_LOY_CUSTSEG_SC_LC_WK_FS','');
INSERT INTO SCHEMA_INFO VALUES('RA','W_RTL_LOY_CUST_LC_MH_FS','');
INSERT INTO SCHEMA_INFO VALUES('RA','W_RTL_LOY_CUSTSEG_LC_WK_FS','');
INSERT INTO SCHEMA_INFO VALUES('RA','W_RTL_LOY_CUSTSEG_DP_LC_WK_FS','');
INSERT INTO SCHEMA_INFO VALUES('RA','W_RTL_LOY_CUST_CL_LC_MH_FS','');
INSERT INTO SCHEMA_INFO VALUES('RA','W_RTL_PRACT_IT_LC_DY_FS','');
INSERT INTO SCHEMA_INFO VALUES('RA','W_RTL_PRBDGT_IT_LC_FS','');
INSERT INTO SCHEMA_INFO VALUES('RA','W_RTL_SLSPRFC_PC_CS_WK_FS','');
INSERT INTO SCHEMA_INFO VALUES('RA','W_RTL_LOY_CUSTSEG_SC_LC_WK_F','');
INSERT INTO SCHEMA_INFO VALUES('RA','W_RTL_LOY_CUSTSEG_CL_LC_WK_F','');
INSERT INTO SCHEMA_INFO VALUES('RA','W_RTL_LOY_CUSTSEG_LC_WK_F','');
INSERT INTO SCHEMA_INFO VALUES('RA','W_RTL_LOY_CUSTSEG_DP_LC_WK_F','');
INSERT INTO SCHEMA_INFO VALUES('RA','W_RTL_SLSFC_SC_DY_A','');
INSERT INTO SCHEMA_INFO VALUES('RA','W_RTL_SLSFC_SC_DY_CUR_A','');
INSERT INTO SCHEMA_INFO VALUES('RA','W_RTL_SLSFC_SC_LC_DY_A','');
INSERT INTO SCHEMA_INFO VALUES('RA','W_RTL_SLSFC_SC_LC_DY_CUR_A','');
INSERT INTO SCHEMA_INFO VALUES('RA','W_RTL_SLSFC_IT_DY_A','');
INSERT INTO SCHEMA_INFO VALUES('RA','W_RTL_SLSFC_IT_DY_SN_A','');
INSERT INTO SCHEMA_INFO VALUES('RA','W_RTL_SLSFC_IT_LC_DY_SN_A','');
INSERT INTO SCHEMA_INFO VALUES('RA','M_ALLOC_DTL_F','');
INSERT INTO SCHEMA_INFO VALUES('RA','M_ALLOC_DTL_FS','');
INSERT INTO SCHEMA_INFO VALUES('RA','M_ALLOC_HEAD_F','');
INSERT INTO SCHEMA_INFO VALUES('RA','M_ALLOC_HEAD_FS','');
INSERT INTO SCHEMA_INFO VALUES('RA','M_BUD_CL_BU_LC_CT_DY_FS','');
INSERT INTO SCHEMA_INFO VALUES('RA','M_COMP_PRICE_FS','');
INSERT INTO SCHEMA_INFO VALUES('RA','M_COMP_PRICE_G','');
INSERT INTO SCHEMA_INFO VALUES('RA','M_DEALS_DTL_FS','');
INSERT INTO SCHEMA_INFO VALUES('RA','M_DEALS_FS','');
INSERT INTO SCHEMA_INFO VALUES('RA','M_DEALS_XREF','');
INSERT INTO SCHEMA_INFO VALUES('RA','M_FIXED_DEALS_DTL_FS','');
INSERT INTO SCHEMA_INFO VALUES('RA','M_INVADJ_IT_LC_DY_FS','');
INSERT INTO SCHEMA_INFO VALUES('RA','M_INVRC_IT_LC_SP_DY_FS','');
INSERT INTO SCHEMA_INFO VALUES('RA','M_INVRTV_IT_LC_DY_FS','');
INSERT INTO SCHEMA_INFO VALUES('RA','M_INVTSF_IT_LC_DY_FS','');
INSERT INTO SCHEMA_INFO VALUES('RA','M_IVC_PAY_DTL_F','');
INSERT INTO SCHEMA_INFO VALUES('RA','M_IVC_PAY_DTL_FS','');
INSERT INTO SCHEMA_INFO VALUES('RA','M_IVC_REM_ADV_FS','');
INSERT INTO SCHEMA_INFO VALUES('RA','M_IVC_STL_RTV_FS','');
INSERT INTO SCHEMA_INFO VALUES('RA','M_POHEAD_FS','');
INSERT INTO SCHEMA_INFO VALUES('RA','M_POLOC_FS','');
INSERT INTO SCHEMA_INFO VALUES('RA','M_POLOC_RC_FS','');
INSERT INTO SCHEMA_INFO VALUES('RA','M_PRFC_PC_IT_LC_FS','');
INSERT INTO SCHEMA_INFO VALUES('RA','M_PRODUCT_MV','');
INSERT INTO SCHEMA_INFO VALUES('RA','M_RTL_INV_IT_LC_DY_FS','');
INSERT INTO SCHEMA_INFO VALUES('RA','M_STKAGING_NBS_MTH_FS','');
INSERT INTO SCHEMA_INFO VALUES('RA','M_SUPPSER_PO_F','');
INSERT INTO SCHEMA_INFO VALUES('RA','M_SUP_PENALTY_F','');
INSERT INTO SCHEMA_INFO VALUES('RA','M_SUP_PENALTY_FS','');
INSERT INTO SCHEMA_INFO VALUES('RA','M_IVC_DEBIT_FS','');
INSERT INTO SCHEMA_INFO VALUES('RA','TM1_OTHER_INCOME','');
INSERT INTO SCHEMA_INFO VALUES('RA','TM1_CUSTOMER_DATA','');
INSERT INTO SCHEMA_INFO VALUES('RA','TM1_ACTUAL_OB_SALES','');
INSERT INTO SCHEMA_INFO VALUES('RA','TM1_ACTUAL_SALES_GRP_2013','');
INSERT INTO SCHEMA_INFO VALUES('RA','M_STKAGING_NBS_G','');
INSERT INTO SCHEMA_INFO VALUES('RA','M_BUD_CL_BU_LC_CT_DY_012816','');
INSERT INTO SCHEMA_INFO VALUES('RA','NET_DLY_CLS_BUD_SLS','');
INSERT INTO SCHEMA_INFO VALUES('RA','NET_CLS_BUD_SLS','');
INSERT INTO SCHEMA_INFO VALUES('RA','NET_DIV_BUD_SLS','');
INSERT INTO SCHEMA_INFO VALUES('RA','NET_DLY_CLS_ORG_BUD_SLS','');
INSERT INTO SCHEMA_INFO VALUES('RA','M_PRODUCT_ATTR_D','');
INSERT INTO SCHEMA_INFO VALUES('RA','W_MCAL_PERIOD_DS','');
INSERT INTO SCHEMA_INFO VALUES('RA','W_QTR_D','');
INSERT INTO SCHEMA_INFO VALUES('RA','W_USER_D','');
INSERT INTO SCHEMA_INFO VALUES('RA','W_RTL_LOC_LIST_DS','');
INSERT INTO SCHEMA_INFO VALUES('RA','W_PRODUCT_DS','');
INSERT INTO SCHEMA_INFO VALUES('RA','W_RTL_SEASON_IT_D','');
INSERT INTO SCHEMA_INFO VALUES('RA','W_MONTH_D','');
INSERT INTO SCHEMA_INFO VALUES('RA','W_EMPLOYEE_D','');
INSERT INTO SCHEMA_INFO VALUES('RA','W_GEO_D','');
INSERT INTO SCHEMA_INFO VALUES('RA','W_TIME_OF_DAY_D','');
INSERT INTO SCHEMA_INFO VALUES('RA','W_PRODUCT_DS_TL','');
INSERT INTO SCHEMA_INFO VALUES('RA','W_RTL_SEASON_PHASE_D','');
INSERT INTO SCHEMA_INFO VALUES('RA','W_RTL_SEASON_IT_DS','');
INSERT INTO SCHEMA_INFO VALUES('RA','W_LANGUAGES_G','');
INSERT INTO SCHEMA_INFO VALUES('RA','W_MCAL_WEEK_D','');
INSERT INTO SCHEMA_INFO VALUES('RA','W_INT_ORG_ATTR_DS','');
INSERT INTO SCHEMA_INFO VALUES('RA','W_CODE_D','');
INSERT INTO SCHEMA_INFO VALUES('RA','W_YEAR_D','');
INSERT INTO SCHEMA_INFO VALUES('RA','W_RTL_DMS_ATTR_LIST_G','');
INSERT INTO SCHEMA_INFO VALUES('RA','W_RTL_ORG_FIN_DS','');
INSERT INTO SCHEMA_INFO VALUES('RA','W_RTL_IT_SUPPLIER_DS','');
INSERT INTO SCHEMA_INFO VALUES('RA','W_MCAL_DAY_D','');
INSERT INTO SCHEMA_INFO VALUES('RA','W_RTL_DMS_ORG_DH_G','');
INSERT INTO SCHEMA_INFO VALUES('RA','W_DOMAIN_MEMBER_DS_TL','');
INSERT INTO SCHEMA_INFO VALUES('RA','W_RTL_PROMO_DS','');
INSERT INTO SCHEMA_INFO VALUES('RA','W_RTL_DMS_PRODUCT_G','');
INSERT INTO SCHEMA_INFO VALUES('RA','W_HOUSEHOLD_D','');
INSERT INTO SCHEMA_INFO VALUES('RA','W_XACT_TYPE_DS','');
INSERT INTO SCHEMA_INFO VALUES('RA','W_RTL_LOC_TRAIT_D','');
INSERT INTO SCHEMA_INFO VALUES('RA','W_MCAL_PERIOD_D','');
INSERT INTO SCHEMA_INFO VALUES('RA','W_RTL_CHANNEL_DS','');
INSERT INTO SCHEMA_INFO VALUES('RA','W_INVENTORY_PRODUCT_ATTR_D','');
INSERT INTO SCHEMA_INFO VALUES('RA','W_EXCH_RATE_GS','');
INSERT INTO SCHEMA_INFO VALUES('RA','W_RTL_CURR_MCAL_G','');
INSERT INTO SCHEMA_INFO VALUES('RA','W_RTL_PROMO_DS_TL','');
INSERT INTO SCHEMA_INFO VALUES('RA','W_BUSN_LOCATION_D','');
INSERT INTO SCHEMA_INFO VALUES('RA','W_PARTY_ORG_DS','');
INSERT INTO SCHEMA_INFO VALUES('RA','W_POSITION_DH','');
INSERT INTO SCHEMA_INFO VALUES('RA','W_PARTY_ATTR_DS','');
INSERT INTO SCHEMA_INFO VALUES('RA','W_MCAL_CAL_D','');
INSERT INTO SCHEMA_INFO VALUES('RA','W_INT_ORG_ATTR_D','');
INSERT INTO SCHEMA_INFO VALUES('RA','W_RTL_PROD_HIER_ATTR_LKP_DHS','');
INSERT INTO SCHEMA_INFO VALUES('RA','W_RTL_SEASON_D','');
INSERT INTO SCHEMA_INFO VALUES('RA','W_EMPLOYEE_DS','');
INSERT INTO SCHEMA_INFO VALUES('RA','W_GLOBAL_CURR_G','');
INSERT INTO SCHEMA_INFO VALUES('RA','W_MCAL_QTR_D','');
INSERT INTO SCHEMA_INFO VALUES('RA','W_PRODUCT_ATTR_DS','');
INSERT INTO SCHEMA_INFO VALUES('RA','W_RTL_SEASON_DS','');
INSERT INTO SCHEMA_INFO VALUES('RA','W_RTL_CUST_HOUSEHOLD_D','');
INSERT INTO SCHEMA_INFO VALUES('RA','W_RTL_SEASON_PHASE_DS','');
INSERT INTO SCHEMA_INFO VALUES('RA','W_WEEK_D','');
INSERT INTO SCHEMA_INFO VALUES('RA','C_LOAD_DATES','');
INSERT INTO SCHEMA_INFO VALUES('RA','W_MCAL_YEAR_D','');
INSERT INTO SCHEMA_INFO VALUES('RA','W_MCAL_CONTEXT_G','');
INSERT INTO SCHEMA_INFO VALUES('RA','W_INT_ORG_DHS','');
INSERT INTO SCHEMA_INFO VALUES('RA','W_INT_ORG_DS','');
INSERT INTO SCHEMA_INFO VALUES('RA','W_RTL_DMS_INT_ORG_DH_G','');
INSERT INTO SCHEMA_INFO VALUES('RA','W_RTL_LOC_TRAIT_DS','');
INSERT INTO SCHEMA_INFO VALUES('RA','W_DAY_D','');
INSERT INTO SCHEMA_INFO VALUES('RA','W_RTL_LOC_LIST_D','');
INSERT INTO SCHEMA_INFO VALUES('RA','W_INVENTORY_PRODUCT_DS','');
INSERT INTO SCHEMA_INFO VALUES('RA','W_MCAL_CONFIG_G','');
INSERT INTO SCHEMA_INFO VALUES('RA','W_MINUTE_OF_DAY_D','');
INSERT INTO SCHEMA_INFO VALUES('RA','W_INVENTORY_PRODUCT_D','');
INSERT INTO SCHEMA_INFO VALUES('RA','W_RTL_SUPPLIER_TRAIT_DS','');
INSERT INTO SCHEMA_INFO VALUES('RA','W_RTL_PARTITION_MAP_G','');
INSERT INTO SCHEMA_INFO VALUES('RA','W_INT_ORG_DS_TL','');
INSERT INTO SCHEMA_INFO VALUES('RA','W_PROD_CAT_DHS','');
INSERT INTO SCHEMA_INFO VALUES('RA','W_INVENTORY_PRODUCT_ATTR_DS','');
INSERT INTO SCHEMA_INFO VALUES('RA','W_LOCALIZED_STRING_G','');
INSERT INTO SCHEMA_INFO VALUES('RA','W_RTL_CUST_HOUSEHOLD_DS','');
INSERT INTO SCHEMA_INFO VALUES('RA','W_RTL_CUSTSEG_ALLOC_DS','');
INSERT INTO SCHEMA_INFO VALUES('RA','W_RTL_CUST_CUSTSEG_DS','');
INSERT INTO SCHEMA_INFO VALUES('RA','W_PARTY_PER_DS','');
INSERT INTO SCHEMA_INFO VALUES('RA','W_HOUSEHOLD_DS','');
INSERT INTO SCHEMA_INFO VALUES('RA','W_RTL_CUSTSEG_DS','');
INSERT INTO SCHEMA_INFO VALUES('RA','W_RTL_LOY_SCORE_BAND_DS','');
INSERT INTO SCHEMA_INFO VALUES('RA','W_RTL_CUST_ADDRESS_DS','');
INSERT INTO SCHEMA_INFO VALUES('RA','W_RTL_PRODUCT_BRAND_DS','');
INSERT INTO SCHEMA_INFO VALUES('RA','W_RTL_PROMO_COMP_TYPE_DS','');
INSERT INTO SCHEMA_INFO VALUES('RA','W_RTL_CUST_ADDRESS_D','');
INSERT INTO SCHEMA_INFO VALUES('RA','W_RTL_CHANNEL_D','');
INSERT INTO SCHEMA_INFO VALUES('RA','W_RTL_CUSTSEG_D','');
INSERT INTO SCHEMA_INFO VALUES('RA','W_EXCH_RATE_G','');
INSERT INTO SCHEMA_INFO VALUES('RA','W_RTL_PROD_HIER_ATTR_LKP_DH','');
INSERT INTO SCHEMA_INFO VALUES('RA','W_RTL_IT_SUPPLIER_D','');
INSERT INTO SCHEMA_INFO VALUES('RA','W_RTL_CUST_CUSTSEG_D','');
INSERT INTO SCHEMA_INFO VALUES('RA','W_PARTY_D','');
INSERT INTO SCHEMA_INFO VALUES('RA','W_PARTY_ATTR_D','');
INSERT INTO SCHEMA_INFO VALUES('RA','W_PARTY_PER_D','');
INSERT INTO SCHEMA_INFO VALUES('RA','W_RTL_LOC_WK_D','');
INSERT INTO SCHEMA_INFO VALUES('RA','W_RTL_SUPPLIER_TRAIT_D','');
INSERT INTO SCHEMA_INFO VALUES('RA','W_XACT_TYPE_D','');
INSERT INTO SCHEMA_INFO VALUES('RA','W_PARTY_ORG_D','');
INSERT INTO SCHEMA_INFO VALUES('RA','W_RTL_ORG_FIN_D','');
INSERT INTO SCHEMA_INFO VALUES('RA','W_PROD_CAT_DH','');
INSERT INTO SCHEMA_INFO VALUES('RA','W_PRODUCT_ATTR_D','');
INSERT INTO SCHEMA_INFO VALUES('RA','W_DOMAIN_MEMBER_LKP_TL','');
INSERT INTO SCHEMA_INFO VALUES('RA','M_BATYPE_D','');
INSERT INTO SCHEMA_INFO VALUES('RA','M_BATYPE_DS','');
INSERT INTO SCHEMA_INFO VALUES('RA','M_BUYER_D','');
INSERT INTO SCHEMA_INFO VALUES('RA','M_BUYER_DS','');
INSERT INTO SCHEMA_INFO VALUES('RA','M_COMPETITOR_D','');
INSERT INTO SCHEMA_INFO VALUES('RA','M_COMPETITOR_DS','');
INSERT INTO SCHEMA_INFO VALUES('RA','M_COMPSTORE_D','');
INSERT INTO SCHEMA_INFO VALUES('RA','M_COMPSTORE_DS','');
INSERT INTO SCHEMA_INFO VALUES('RA','M_COMPSTORE_STORE_ITEM_DS','');
INSERT INTO SCHEMA_INFO VALUES('RA','M_COMP_STORE_ITEM_D','');
INSERT INTO SCHEMA_INFO VALUES('RA','M_COMP_STORE_ITEM_DS','');
INSERT INTO SCHEMA_INFO VALUES('RA','M_KVI_ITEM_LOC_D','');
INSERT INTO SCHEMA_INFO VALUES('RA','M_KVI_ITEM_LOC_DS','');
INSERT INTO SCHEMA_INFO VALUES('RA','M_NBS_PARAMETER_D','');
INSERT INTO SCHEMA_INFO VALUES('RA','M_NBS_PARAMETER_DS','');
INSERT INTO SCHEMA_INFO VALUES('RA','M_PAGE_TYPE_D','');
INSERT INTO SCHEMA_INFO VALUES('RA','M_PARTY_PER_DHS','');
INSERT INTO SCHEMA_INFO VALUES('RA','M_PC_IT_LC_D','');
INSERT INTO SCHEMA_INFO VALUES('RA','M_PC_IT_LC_DS','');
INSERT INTO SCHEMA_INFO VALUES('RA','M_PRODUCT_ATTR_DS','');
INSERT INTO SCHEMA_INFO VALUES('RA','M_PRODUCT_ORG_ATTR_D','');
INSERT INTO SCHEMA_INFO VALUES('RA','M_PRODUCT_ORG_ATTR_DS','');
INSERT INTO SCHEMA_INFO VALUES('RA','M_REASN_D','');
INSERT INTO SCHEMA_INFO VALUES('RA','M_REASN_DS','');
INSERT INTO SCHEMA_INFO VALUES('RA','M_RTL_BU_SUPPLIER_D','');
INSERT INTO SCHEMA_INFO VALUES('RA','M_RTL_BU_SUPPLIER_DS','');
INSERT INTO SCHEMA_INFO VALUES('RA','M_STKAGING_STATUS_D','');
INSERT INTO SCHEMA_INFO VALUES('RA','M_TSF_TYPE_D','');
INSERT INTO SCHEMA_INFO VALUES('RA','M_TSF_TYPE_DS','');
INSERT INTO SCHEMA_INFO VALUES('RA','W_RTL_PROMO_D','');
INSERT INTO SCHEMA_INFO VALUES('RA','W_RTL_PROMO_D_TL','');
INSERT INTO SCHEMA_INFO VALUES('RA','W_INT_ORG_DH','');
INSERT INTO SCHEMA_INFO VALUES('RA','W_PRODUCT_D','');
INSERT INTO SCHEMA_INFO VALUES('RA','W_INT_ORG_D_TL','');
INSERT INTO SCHEMA_INFO VALUES('RA','W_INT_ORG_D','');
INSERT INTO SCHEMA_INFO VALUES('RA','W_PRODUCT_D_TL','');
INSERT INTO SCHEMA_INFO VALUES('RA','M_PRODUCT_ORG_ATTR_D2','');
INSERT INTO SCHEMA_INFO VALUES('RA','C_ODI_PARAM','');
INSERT INTO SCHEMA_INFO VALUES('RA','RA_TRUNCATE_TBL','');
INSERT INTO SCHEMA_INFO VALUES('RA','TOAD_PLAN_SQL','');
INSERT INTO SCHEMA_INFO VALUES('RA','M_MCAL_DAY_D_MV','');
INSERT INTO SCHEMA_INFO VALUES('RA','M_RTL_PRODUCT_MV','');
INSERT INTO SCHEMA_INFO VALUES('RA','M_MCAL_WEEK_D_MV','');
INSERT INTO SCHEMA_INFO VALUES('RA','SYS_EXPORT_SCHEMA_01','');
INSERT INTO SCHEMA_INFO VALUES('RA','M_VAT_ITEM_MV','');
INSERT INTO SCHEMA_INFO VALUES('RA','M_MCAL_DAY_V','');
INSERT INTO SCHEMA_INFO VALUES('RA','M_STORE_ITEM_PRICE_G','');
INSERT INTO SCHEMA_INFO VALUES('RA','M_RTL_PRODUCT_D_MV_TEST','');
INSERT INTO SCHEMA_INFO VALUES('RA','M_MCAL_DAY_V_TEST','');
INSERT INTO SCHEMA_INFO VALUES('RA','M_PC_IT_LC_MV','');
INSERT INTO SCHEMA_INFO VALUES('RA','TOAD_PLAN_TABLE','');
INSERT INTO SCHEMA_INFO VALUES('RA','PSTUBTBL','');
INSERT INTO SCHEMA_INFO VALUES('RA','IMPDP_STATS','');
INSERT INTO SCHEMA_INFO VALUES('RA','SDO_WFS_LOCAL_TXNS','');
INSERT INTO SCHEMA_INFO VALUES('RA','OLAPTABLEVELS','');
INSERT INTO SCHEMA_INFO VALUES('RA','OLAPTABLEVELTUPLES','');
INSERT INTO SCHEMA_INFO VALUES('RA','SAM_SPARSITY_ADVICE','');
INSERT INTO SCHEMA_INFO VALUES('RA','OLAP_SESSION_DIMS','');
INSERT INTO SCHEMA_INFO VALUES('RA','OLAP_SESSION_CUBES','');
INSERT INTO SCHEMA_INFO VALUES('RA','SDO_ST_TOLERANCE','');
INSERT INTO SCHEMA_INFO VALUES('RA','SDO_TXN_IDX_INSERTS','');
INSERT INTO SCHEMA_INFO VALUES('RA','SDO_TXN_IDX_DELETES','');
INSERT INTO SCHEMA_INFO VALUES('RA','SDO_TXN_IDX_EXP_UPD_RGN','');
INSERT INTO SCHEMA_INFO VALUES('RA','SDO_CS_CONTEXT_INFORMATION','');
INSERT INTO SCHEMA_INFO VALUES('RA','SDO_TOPO_TRANSACT_DATA','');
INSERT INTO SCHEMA_INFO VALUES('RA','SDO_TOPO_RELATION_DATA','');
INSERT INTO SCHEMA_INFO VALUES('RA','SDO_GR_MOSAIC_0','');
INSERT INTO SCHEMA_INFO VALUES('RA','SDO_GR_MOSAIC_1','');
INSERT INTO SCHEMA_INFO VALUES('RA','SDO_GR_MOSAIC_2','');
INSERT INTO SCHEMA_INFO VALUES('RA','SDO_GR_MOSAIC_3','');
INSERT INTO SCHEMA_INFO VALUES('RA','SDO_GR_RDT_1','');
INSERT INTO SCHEMA_INFO VALUES('RA','WWV_FLOW_LOV_TEMP','');
INSERT INTO SCHEMA_INFO VALUES('RA','WWV_FLOW_TEMP_TABLE','');
INSERT INTO SCHEMA_INFO VALUES('RA','TEMP_REPORTFORM','');
INSERT INTO SCHEMA_INFO VALUES('RA','TEMP_NORMAL_SALES','');
INSERT INTO SCHEMA_INFO VALUES('RA','TEST_TBL','');
INSERT INTO SCHEMA_INFO VALUES('RA','CURINV','');
INSERT INTO SCHEMA_INFO VALUES('RA','PROD','');
INSERT INTO SCHEMA_INFO VALUES('RA','ORG','');
INSERT INTO SCHEMA_INFO VALUES('RA','IRL','');
INSERT INTO SCHEMA_INFO VALUES('RA','REPLITM','');
INSERT INTO SCHEMA_INFO VALUES('RA','SUP','');
INSERT INTO SCHEMA_INFO VALUES('RA','ITMSOH','');
INSERT INTO SCHEMA_INFO VALUES('RA','ITMCFA','');
INSERT INTO SCHEMA_INFO VALUES('RA','CURSLS','');
INSERT INTO SCHEMA_INFO VALUES('RA','CURSLSM','');
INSERT INTO SCHEMA_INFO VALUES('RA','CURREC','');
INSERT INTO SCHEMA_INFO VALUES('RA','BUYER','');
INSERT INTO SCHEMA_INFO VALUES('RA','PCTILE','');
INSERT INTO SCHEMA_INFO VALUES('RA','QUEST_SL_TEMP_EXPLAIN1','');
INSERT INTO SCHEMA_INFO VALUES('RA','SDO_CS_SRS','');
